ID,System,t,X,Y,X1,Y1,dX,dY,dX1,dY1,U1,U2,U3,U4
78837936358815804!,great-wine-beetle,0.000000,-1.422876,2.541181,-1.025375,1.094808,0.000000,0.000000,0.000000,0.000000,354.877909,517.924980,241.271768,-273.128099
78837936358815804!,great-wine-beetle,0.010000,-1.407987,2.547555,-1.021838,1.098111,2.978756,1.265427,0.710479,0.661130,-81.582713,-167.277942,-117.629026,62.090730
78837936358815804!,great-wine-beetle,0.020000,-1.382707,2.556862,-1.017696,1.101950,2.077399,0.600681,0.118187,0.109150,79.576786,83.507701,12.029884,-61.718233
78837936358815804!,great-wine-beetle,0.030000,-1.359314,2.562942,-1.017101,1.102500,2.600859,0.610664,0.001781,0.001643,24.906095,-4.499989,-35.736207,-19.760587
78837936358815804!,great-wine-beetle,0.040000,-1.333192,2.567801,-1.018534,1.101176,2.623071,0.358925,-0.286939,-0.265405,48.288578,29.408747,-20.118533,-37.759812
78837936358815804!,great-wine-beetle,0.050000,-1.305862,2.570452,-1.022546,1.097451,2.843081,0.166784,-0.513997,-0.478915,44.309470,20.010316,-27.454093,-34.749365
78837936358815804!,great-wine-beetle,0.060000,-1.276581,2.570873,-1.028944,1.091455,3.012917,-0.086776,-0.762379,-0.718715,50.302723,25.849661,-27.128235,-39.404137
78837936358815804!,great-wine-beetle,0.070000,-1.245398,2.568608,-1.037793,1.083044,3.221424,-0.369750,-1.001790,-0.959934,53.253292,26.553818,-29.766549,-41.727203
78837936358815804!,great-wine-beetle,0.080000,-1.212076,2.563260,-1.049049,1.072146,3.438688,-0.702277,-1.240600,-1.213874,57.547053,29.048767,-31.710240,-45.086499
78837936358815804!,great-wine-beetle,0.090000,-1.176474,2.554316,-1.062678,1.058638,3.674416,-1.087054,-1.473071,-1.478692,61.667465,31.034721,-34.101865,-48.316087
78837936358815804!,great-wine-beetle,0.100000,-1.138429,2.541209,-1.078609,1.042402,3.923834,-1.531698,-1.697088,-1.756036,65.982661,33.206590,-36.487884,-51.697014
78837936358815804!,great-wine-beetle,0.110000,-1.097807,2.523310,-1.096738,1.023311,4.185162,-2.040927,-1.908336,-2.045269,70.210739,35.292410,-38.880146,-55.010296
78837936358815804!,great-wine-beetle,0.120000,-1.054509,2.499950,-1.116915,1.001249,4.453770,-2.618017,-2.102177,-2.345024,74.190579,37.274465,-41.107848,-58.128779
78837936358815804!,great-wine-beetle,0.130000,-1.008486,2.470439,-1.138941,0.976122,4.723689,-3.263270,-2.273253,-2.652434,77.642612,39.023386,-43.001782,-60.833256
78837936358815804!,great-wine-beetle,0.140000,-0.959760,2.434099,-1.162558,0.947871,4.987080,-3.973238,-2.415903,-2.963091,80.230442,40.396236,-44.341941,-62.859784
78837936358815804!,great-wine-beetle,0.150000,-0.908438,2.390311,-1.187454,0.916490,5.234503,-4.739786,-2.524509,-3.270891,81.555063,41.215234,-44.877991,-63.895409
78837936358815804!,great-wine-beetle,0.160000,-0.854728,2.338565,-1.213260,0.882044,5.455281,-5.549468,-2.594010,-3.568086,81.186267,41.285326,-44.344369,-63.602755
78837936358815804!,great-wine-beetle,0.170000,-0.798998,2.278585,-1.239527,0.844733,5.638613,-6.383692,-2.621058,-3.846035,78.680412,40.366349,-42.517529,-61.634476
78837936358815804!,great-wine-beetle,0.180000,-0.741686,2.210262,-1.265812,0.804811,5.773411,-7.218854,-2.603554,-4.094887,73.752723,38.367777,-39.171926,-57.766687
78837936358815804!,great-wine-beetle,0.190000,-0.683336,2.133746,-1.291660,0.762636,5.850406,-8.027581,-2.541423,-4.304353,66.246120,35.217728,-34.211449,-51.876214
78837936358815804!,great-wine-beetle,0.200000,-0.624569,2.049478,-1.316630,0.718670,5.862886,-8.780887,-2.437007,-4.464689,56.239142,30.957958,-27.676655,-44.024559
78837936358815804!,great-wine-beetle,0.210000,-0.566056,1.958192,-1.340315,0.673465,5.807619,-9.450824,-2.295078,-4.567616,44.079934,25.756532,-19.769276,-34.484594
78837936358815804!,great-wine-beetle,0.220000,-0.508480,1.860884,-1.362372,0.627649,5.685344,-10.013368,-2.122545,-4.607185,30.374026,19.901591,-10.845568,-23.730990
78837936358815804!,great-wine-beetle,0.230000,-0.452490,1.758765,-1.382533,0.581896,5.500705,-10.450987,-1.927861,-4.580426,15.916454,13.768142,-1.377548,-12.387016
78837936358815804!,great-wine-beetle,0.240000,-0.398673,1.653178,-1.400624,0.536892,5.261612,-10.754375,-1.720222,-4.487650,1.579801,7.763576,8.111318,-1.136797
78837936358815804!,great-wine-beetle,0.250000,-0.347516,1.545509,-1.416564,0.493303,4.978146,-10.922987,-1.508686,-4.332326,-11.814155,2.265959,17.120817,9.375298
78837936358815804!,great-wine-beetle,0.260000,-0.299380,1.436791,-1.430426,0.451532,4.660114,-10.961908,-1.300363,-4.119467,-23.550155,-2.354133,25.269100,18.589018
78837936358815804!,great-wine-beetle,0.270000,-0.254535,1.328187,-1.442286,0.412083,4.318814,-10.885041,-1.101966,-3.856871,-33.245920,-5.987162,32.237948,26.203652
78837936358815804!,great-wine-beetle,0.280000,-0.213158,1.220747,-1.452266,0.375399,3.963941,-10.710836,-0.918663,-3.553932,-40.755432,-8.619495,37.869443,32.103926
78837936358815804!,great-wine-beetle,0.290000,-0.175348,1.115341,-1.460530,0.341837,3.603070,-10.459467,-0.753770,-3.220553,-46.152053,-10.335389,42.143122,36.346636
78837936358815804!,great-wine-beetle,0.300000,-0.141141,1.012649,-1.467266,0.311657,3.241593,-10.150577,-0.608840,-2.866394,-49.677298,-11.298643,45.138056,39.120392
78837936358815804!,great-wine-beetle,0.310000,-0.110526,0.913168,-1.472671,0.285026,2.882950,-9.801633,-0.483941,-2.500422,-51.673736,-11.721696,46.992064,40.693018
78837936358815804!,great-wine-beetle,0.320000,-0.083471,0.817236,-1.476936,0.262030,2.529081,-9.426982,-0.378017,-2.130699,-52.521411,-11.834577,47.865323,41.361712
78837936358815804!,great-wine-beetle,0.330000,-0.059923,0.725067,-1.480239,0.242675,2.180977,-9.037515,-0.289255,-1.764366,-52.588228,-11.859785,47.913126,41.414184
78837936358815804!,great-wine-beetle,0.340000,-0.039826,0.636781,-1.482739,0.226901,1.839232,-8.640815,-0.215425,-1.407742,-52.197442,-11.994945,47.269178,41.103197
78837936358815804!,great-wine-beetle,0.350000,-0.023113,0.552437,-1.484571,0.214590,1.504525,-8.241616,-0.154157,-1.066486,-51.610562,-12.402479,46.038362,40.633197
78837936358815804!,great-wine-beetle,0.360000,-0.009709,0.472054,-1.485847,0.205566,1.177991,-7.842426,-0.103174,-0.745752,-51.021860,-13.204507,44.296710,40.156039
78837936358815804!,great-wine-beetle,0.370000,0.000476,0.395636,-1.486660,0.199607,0.861453,-7.444221,-0.060461,-0.450310,-50.560390,-14.481101,42.096090,39.772618
78837936358815804!,great-wine-beetle,0.380000,0.007555,0.323180,-1.487081,0.196442,0.557517,-7.047100,-0.024388,-0.184615,-50.296251,-16.270530,39.471408,39.537813
78837936358815804!,great-wine-beetle,0.390000,0.011671,0.254681,-1.487171,0.195757,0.269531,-6.650882,0.006212,0.047193,-50.248858,-18.570729,36.448663,39.467008
78837936358815804!,great-wine-beetle,0.400000,0.013003,0.190143,-1.486980,0.197205,0.001411,-6.255650,0.032000,0.241289,-50.397534,-21.342700,33.053284,39.544415
78837936358815804!,great-wine-beetle,0.410000,0.011772,0.129557,-1.486555,0.200389,-0.242591,-5.861900,0.053171,0.394444,-50.684712,-24.510239,29.314338,39.725617
78837936358815804!,great-wine-beetle,0.420000,0.008244,0.072934,-1.485940,0.204896,-0.458213,-5.471088,0.069479,0.503873,-51.031730,-27.968040,25.273060,39.949933
78837936358815804!,great-wine-beetle,0.430000,0.002740,0.020352,-1.485186,0.210292,-0.641296,-5.085663,0.080353,0.567494,-51.328118,-31.568406,20.987114,40.132146
78837936358815804!,great-wine-beetle,0.440000,-0.004341,-0.027967,-1.484354,0.216084,-0.787845,-4.709330,0.085038,0.584153,-51.417915,-35.102991,16.537684,40.151942
78837936358815804!,great-wine-beetle,0.450000,-0.012690,-0.072642,-1.483522,0.221727,-0.897733,-4.345115,0.082899,0.554656,-51.329440,-38.556263,11.978837,40.031943
78837936358815804!,great-wine-beetle,0.460000,-0.022027,-0.114168,-1.482746,0.226859,-0.971496,-3.995880,0.073392,0.479692,-51.084240,-41.903524,7.368311,39.789543
78837936358815804!,great-wine-beetle,0.470000,-0.031942,-0.152419,-1.482100,0.231038,-1.008286,-3.665337,0.056129,0.360063,-50.539759,-44.942939,2.795009,39.314936
78837936358815804!,great-wine-beetle,0.480000,-0.042053,-0.187511,-1.481664,0.233819,-1.009209,-3.357144,0.031214,0.197796,-49.633178,-47.551404,-1.657842,38.560231
78837936358815804!,great-wine-beetle,0.490000,-0.052008,-0.219660,-1.481512,0.234784,-0.976711,-3.074503,-0.000681,-0.004296,-48.347076,-49.654371,-5.915062,37.512730
78837936358815804!,great-wine-beetle,0.500000,-0.061486,-0.249124,-1.481707,0.233547,-0.914106,-2.819924,-0.038283,-0.242879,-46.690178,-51.209834,-9.912005,36.179940
78837936358815804!,great-wine-beetle,0.510000,-0.070203,-0.276190,-1.482299,0.229759,-0.825277,-2.595108,-0.079708,-0.514237,-44.694594,-52.207651,-13.596999,34.587404
78837936358815804!,great-wine-beetle,0.520000,-0.077916,-0.301158,-1.483315,0.223106,-0.714296,-2.400891,-0.122506,-0.814475,-42.405771,-52.660993,-16.932408,32.770866
78837936358815804!,great-wine-beetle,0.530000,-0.084421,-0.324334,-1.484755,0.213315,-0.585180,-2.237304,-0.163728,-1.139612,-39.881282,-52.604975,-19.894310,30.775348
78837936358815804!,great-wine-beetle,0.540000,-0.089555,-0.346019,-1.486587,0.200151,-0.441625,-2.103648,-0.200028,-1.485674,-37.184673,-52.089884,-22.471169,28.650371
78837936358815804!,great-wine-beetle,0.550000,-0.093186,-0.366509,-1.488744,0.183418,-0.286827,-1.998615,-0.227772,-1.848749,-34.380918,-51.175267,-24.661670,26.446454
78837936358815804!,great-wine-beetle,0.560000,-0.095216,-0.386082,-1.491122,0.162958,-0.123362,-1.920412,-0.243159,-2.224990,-31.532640,-49.924372,-26.472100,24.212200
78837936358815804!,great-wine-beetle,0.570000,-0.095564,-0.404999,-1.493578,0.138652,0.046867,-1.866878,-0.242347,-2.610600,-28.697232,-48.399350,-27.913613,21.992096
78837936358815804!,great-wine-beetle,0.580000,-0.094168,-0.423496,-1.495931,0.110415,0.222622,-1.835589,-0.221563,-3.001778,-25.924918,-46.657442,-28.999651,19.825029
78837936358815804!,great-wine-beetle,0.590000,-0.090975,-0.441789,-1.497960,0.078205,0.403283,-1.823931,-0.177227,-3.394660,-23.257641,-44.748197,-29.743690,17.743447
78837936358815804!,great-wine-beetle,0.600000,-0.085934,-0.460064,-1.499412,0.042013,0.588753,-1.829158,-0.106061,-3.785242,-20.728631,-42.711670,-30.157435,15.773050
78837936358815804!,great-wine-beetle,0.610000,-0.078993,-0.478483,-1.499999,0.001874,0.779345,-1.848422,-0.005210,-4.169317,-18.362478,-40.577468,-30.249509,13.932852
78837936358815804!,great-wine-beetle,0.620000,-0.070095,-0.497178,-1.499408,-0.042134,0.975645,-1.878801,0.127644,-4.542407,-16.175524,-38.364488,-30.024634,12.235504
78837936358815804!,great-wine-beetle,0.630000,-0.059176,-0.516257,-1.497304,-0.089891,1.178363,-1.917310,0.294155,-4.899731,-14.176452,-36.081202,-29.483295,10.687750
78837936358815804!,great-wine-beetle,0.640000,-0.046163,-0.535796,-1.493337,-0.141224,1.388184,-1.960921,0.495182,-5.236188,-12.366966,-33.726376,-28.621859,9.290954
78837936358815804!,great-wine-beetle,0.650000,-0.030976,-0.555846,-1.487151,-0.195911,1.605615,-2.006592,0.730657,-5.546380,-10.742519,-31.290175,-27.433107,8.041663
78837936358815804!,great-wine-beetle,0.660000,-0.013564,-0.576395,-1.478413,-0.253567,1.830713,-2.051200,0.999048,-5.824918,-9.293241,-28.756343,-25.907939,6.932307
78837936358815804!,great-wine-beetle,0.670000,0.006130,-0.597401,-1.466813,-0.313784,2.063049,-2.091737,1.297730,-6.066363,-7.998075,-26.098311,-24.037412,5.946621
78837936358815804!,great-wine-beetle,0.680000,0.028164,-0.618793,-1.452077,-0.376127,2.301596,-2.125436,1.622904,-6.265392,-6.829647,-23.284924,-21.814250,5.063409
78837936358815804!,great-wine-beetle,0.690000,0.052589,-0.640491,-1.433971,-0.440145,2.544699,-2.149909,1.969624,-6.416944,-5.758223,-20.285305,-19.234382,4.259603
78837936358815804!,great-wine-beetle,0.700000,0.079440,-0.662390,-1.412316,-0.505336,2.789992,-2.163225,2.331666,-6.516557,-4.752813,-17.071939,-16.299575,3.511099
78837936358815804!,great-wine-beetle,0.710000,0.108718,-0.684372,-1.387004,-0.571157,3.034415,-2.164041,2.701625,-6.560655,-3.782483,-13.623880,-13.020005,2.793735
78837936358815804!,great-wine-beetle,0.720000,0.140392,-0.706307,-1.358008,-0.637036,3.274277,-2.151716,3.071092,-6.546830,-2.818229,-9.930461,-9.416773,2.084731
78837936358815804!,great-wine-beetle,0.730000,0.174391,-0.728066,-1.325389,-0.702384,3.505376,-2.126415,3.430927,-6.474114,-1.835332,-5.995250,-5.524191,1.364489
78837936358815804!,great-wine-beetle,0.740000,0.210598,-0.749528,-1.289305,-0.766611,3.723167,-2.089154,3.771620,-6.343198,-0.816032,-1.839966,-1.391608,0.618647
78837936358815804!,great-wine-beetle,0.750000,0.248849,-0.770587,-1.250008,-0.829144,3.922972,-2.041799,4.083728,-6.156578,0.247705,2.492094,2.915496,-0.159773
78837936358815804!,great-wine-beetle,0.760000,0.288930,-0.791166,-1.207847,-0.889441,4.100230,-1.986980,4.358372,-5.918599,1.351655,6.933631,7.315423,-0.968407
78837936358815804!,great-wine-beetle,0.770000,0.330581,-0.811220,-1.163260,-0.947009,4.250750,-1.927931,4.587755,-5.635375,2.477527,11.392550,11.711414,-1.794125
78837936358815804!,great-wine-beetle,0.780000,0.373493,-0.830746,-1.116766,-1.001416,4.370964,-1.868248,4.765653,-5.314590,3.592399,15.753422,15.994210,-2.612564
78837936358815804!,great-wine-beetle,0.790000,0.417313,-0.849792,-1.068954,-1.052301,4.458143,-1.811580,4.887833,-4.965185,4.649922,19.881688,20.046018,-3.389023
78837936358815804!,great-wine-beetle,0.800000,0.461665,-0.868420,-1.020443,-1.099407,4.510616,-1.761307,4.952531,-4.596820,5.594450,23.632665,23.747171,-4.081594
78837936358815804!,great-wine-beetle,0.810000,0.506412,-0.886419,-0.971500,-1.142886,4.528477,-1.720566,4.961821,-4.217752,6.362460,26.871464,27.000095,-4.641998
78837936358815804!,great-wine-beetle,0.820000,0.551181,-0.903981,-0.922710,-1.182627,4.512426,-1.691320,4.918119,-3.837220,6.881655,29.455793,29.708217,-5.015125
78837936358815804!,great-wine-beetle,0.830000,0.595621,-0.921266,-0.874608,-1.218631,4.464260,-1.674434,4.826156,-3.463720,7.095686,31.273967,31.795258,-5.158034
78837936358815804!,great-wine-beetle,0.840000,0.639414,-0.938418,-0.827657,-1.250993,4.386776,-1.669651,4.692498,-3.104556,6.966890,32.252941,33.212307,-5.041999
78837936358815804!,great-wine-beetle,0.850000,0.682281,-0.955557,-0.782236,-1.279885,4.283607,-1.675656,4.524974,-2.765560,6.480777,32.366187,33.942570,-4.655947
78837936358815804!,great-wine-beetle,0.860000,0.723989,-0.972781,-0.738637,-1.305532,4.158988,-1.690244,4.332054,-2.450967,5.649171,31.638088,34.003276,-4.008875
78837936358815804!,great-wine-beetle,0.870000,0.764401,-0.990124,-0.696997,-1.328230,4.017588,-1.710680,4.122281,-2.163193,4.508701,30.144124,33.447725,-3.128653
78837936358815804!,great-wine-beetle,0.880000,0.803368,-1.007636,-0.657449,-1.348244,3.864031,-1.733835,3.903596,-1.903525,3.121706,28.001863,32.352578,-2.062877
78837936358815804!,great-wine-beetle,0.890000,0.840785,-1.025336,-0.620055,-1.365845,3.702794,-1.756632,3.683069,-1.672011,1.566379,25.359580,30.815038,-0.871231
78837936358815804!,great-wine-beetle,0.900000,0.876590,-1.043214,-0.584813,-1.381302,3.538015,-1.776343,3.466609,-1.467686,-0.071935,22.381668,28.944491,0.381177
78837936358815804!,great-wine-beetle,0.910000,0.910760,-1.061231,-0.551664,-1.394872,3.373325,-1.790803,3.258807,-1.288840,-1.709673,19.233070,26.853176,1.630656
78837936358815804!,great-wine-beetle,0.920000,0.943307,-1.079330,-0.520513,-1.406793,3.211739,-1.798532,3.062919,-1.133279,-3.273006,16.065102,24.647459,2.821016
78837936358815804!,great-wine-beetle,0.930000,0.974269,-1.097443,-0.491235,-1.417282,3.055601,-1.798755,2.880961,-0.998552,-4.703651,13.004582,22.420809,3.908006
78837936358815804!,great-wine-beetle,0.940000,1.003706,-1.115494,-0.463691,-1.426531,2.906591,-1.791341,2.713872,-0.882139,-5.961917,10.147406,20.249163,4.861627
78837936358815804!,great-wine-beetle,0.950000,1.031698,-1.133409,-0.437729,-1.434710,2.765779,-1.776687,2.561737,-0.781584,-7.026973,7.557023,18.189293,5.666325
78837936358815804!,great-wine-beetle,0.960000,1.058355,-1.151116,-0.413176,-1.441973,2.633715,-1.755579,2.423998,-0.694561,-7.894807,5.267189,16.279903,6.319418
78837936358815804!,great-wine-beetle,0.970000,1.083760,-1.168561,-0.389898,-1.448440,2.510491,-1.729001,2.299686,-0.619040,-8.574915,3.284124,14.540425,6.828505
78837936358815804!,great-wine-beetle,0.980000,1.107998,-1.185697,-0.367772,-1.454216,2.395892,-1.698018,2.187598,-0.553246,-9.085881,1.594928,12.976563,7.208095
78837936358815804!,great-wine-beetle,0.990000,1.131148,-1.202489,-0.346690,-1.459386,2.289489,-1.663680,2.086448,-0.495654,-9.451336,0.174191,11.583952,7.476506
78837936358815804!,great-wine-beetle,1.000000,1.153287,-1.218912,-0.326551,-1.464023,2.190733,-1.626945,1.994958,-0.444977,-9.696565,-1.010170,10.351620,7.653269
78837936358815804!,great-wine-beetle,1.010000,1.174483,-1.234946,-0.307272,-1.468191,2.099011,-1.588644,1.911928,-0.400140,-9.846020,-1.992326,9.264894,7.757225
78837936358815804!,great-wine-beetle,1.020000,1.194802,-1.250583,-0.288775,-1.471941,2.013704,-1.549465,1.836267,-0.360251,-9.921731,-2.805332,8.307632,7.805317
78837936358815804!,great-wine-beetle,1.030000,1.214302,-1.265816,-0.270996,-1.475317,1.934208,-1.509956,1.767010,-0.324576,-9.942510,-3.479196,7.463752,7.811984
78837936358815804!,great-wine-beetle,1.040000,1.233037,-1.280646,-0.253876,-1.478360,1.859959,-1.470537,1.703317,-0.292508,-9.923740,-4.039945,6.718185,7.789017
78837936358815804!,great-wine-beetle,1.050000,1.251055,-1.295075,-0.237366,-1.481100,1.790444,-1.431519,1.644469,-0.263548,-9.877564,-4.509421,6.057363,7.745699
78837936358815804!,great-wine-beetle,1.060000,1.268400,-1.309109,-0.221420,-1.483568,1.725197,-1.393125,1.589847,-0.237282,-9.813274,-4.905511,5.469392,7.689121
78837936358815804!,great-wine-beetle,1.070000,1.285113,-1.322756,-0.206001,-1.485787,1.663804,-1.355511,1.538928,-0.213369,-9.737798,-5.242618,4.944027,7.624551
78837936358815804!,great-wine-beetle,1.080000,1.301229,-1.336025,-0.191075,-1.487780,1.605897,-1.318775,1.491265,-0.191522,-9.656177,-5.532210,4.472540,7.555810
78837936358815804!,great-wine-beetle,1.090000,1.316782,-1.348926,-0.176610,-1.489567,1.551152,-1.282979,1.446477,-0.171501,-9.571993,-5.783359,4.047539,7.485600
78837936358815804!,great-wine-beetle,1.100000,1.331807,-1.361469,-0.162575,-1.491164,1.499283,-1.248151,1.404246,-0.153099,-9.487575,-6.002798,3.663144,7.415664
78837936358815804!,great-wine-beetle,1.110000,1.346340,-1.373672,-0.148939,-1.492587,1.450041,-1.214299,1.364298,-0.136137,-9.404451,-6.195682,3.314541,7.347136
78837936358815804!,great-wine-beetle,1.120000,1.360404,-1.385542,-0.135681,-1.493851,1.403194,-1.181420,1.326387,-0.120471,-9.324043,-6.367119,2.996857,7.281066
78837936358815804!,great-wine-beetle,1.130000,1.374020,-1.397090,-0.122783,-1.494966,1.358539,-1.149501,1.290302,-0.105974,-9.247143,-6.520965,2.706069,7.218026
78837936358815804!,great-wine-beetle,1.140000,1.387210,-1.408326,-0.110229,-1.495944,1.315897,-1.118521,1.255864,-0.092538,-9.174157,-6.660208,2.438815,7.158292
78837936358815804!,great-wine-beetle,1.150000,1.399992,-1.419258,-0.098003,-1.496795,1.275111,-1.088454,1.222917,-0.080071,-9.105249,-6.787206,2.192250,7.101960
78837936358815804!,great-wine-beetle,1.160000,1.412382,-1.429897,-0.086093,-1.497527,1.236041,-1.059270,1.191324,-0.068489,-9.040431,-6.903847,1.963953,7.049013
78837936358815804!,great-wine-beetle,1.170000,1.424396,-1.440250,-0.074486,-1.498149,1.198562,-1.030940,1.160968,-0.057722,-8.979619,-7.011662,1.751853,6.999362
78837936358815804!,great-wine-beetle,1.180000,1.436050,-1.450326,-0.063171,-1.498669,1.162563,-1.003434,1.131745,-0.047704,-8.922672,-7.111899,1.554167,6.952876
78837936358815804!,great-wine-beetle,1.190000,1.447357,-1.460133,-0.052137,-1.499094,1.127945,-0.976723,1.103564,-0.038381,-8.869412,-7.205587,1.369359,6.909402
78837936358815804!,great-wine-beetle,1.200000,1.458330,-1.469678,-0.041375,-1.499429,1.094619,-0.950777,1.076347,-0.029700,-8.819647,-7.293576,1.196097,6.868773
78837936358815804!,great-wine-beetle,1.210000,1.468982,-1.478970,-0.030875,-1.499682,1.062504,-0.925569,1.050021,-0.021618,-8.773174,-7.376575,1.033227,6.830821
78837936358815804!,great-wine-beetle,1.220000,1.479322,-1.488016,-0.020631,-1.499858,1.031527,-0.901071,1.024524,-0.014093,-8.729792,-7.455176,0.879741,6.795376
78837936358815804!,great-wine-beetle,1.230000,1.489363,-1.496821,-0.010633,-1.499962,1.001624,-0.877257,0.999802,-0.007088,-8.689306,-7.529881,0.734761,6.762278
78837936358815804!,great-wine-beetle,1.240000,1.499115,-1.505394,-0.000876,-1.500000,0.972735,-0.854104,0.975805,-0.000570,-8.651527,-7.601109,0.597517,6.731371
78837936358815804!,great-wine-beetle,1.250000,1.508586,-1.513740,0.008649,-1.499975,0.944806,-0.831587,0.952488,0.005492,-8.616277,-7.669220,0.467331,6.702509
78837936358815804!,great-wine-beetle,1.260000,1.517786,-1.521866,0.017947,-1.499893,0.917788,-0.809684,0.929813,0.011126,-8.583387,-7.734519,0.343606,6.675553
78837936358815804!,great-wine-beetle,1.270000,1.526725,-1.529778,0.027025,-1.499757,0.891634,-0.788374,0.907743,0.016357,-8.552699,-7.797270,0.225816,6.650377
78837936358815804!,great-wine-beetle,1.280000,1.535409,-1.537481,0.035888,-1.499571,0.866303,-0.767636,0.886247,0.021210,-8.524068,-7.857696,0.113493,6.626860
78837936358815804!,great-wine-beetle,1.290000,1.543847,-1.544981,0.044541,-1.499339,0.841758,-0.747451,0.865295,0.025706,-8.497356,-7.915994,0.006221,6.604892
78837936358815804!,great-wine-beetle,1.300000,1.552046,-1.552283,0.052991,-1.499064,0.817963,-0.727800,0.844862,0.029865,-8.472438,-7.972334,-0.096370,6.584371
78837936358815804!,great-wine-beetle,1.310000,1.560014,-1.559393,0.061241,-1.498749,0.794885,-0.708668,0.824923,0.033707,-8.449194,-8.026861,-0.194611,6.565200
78837936358815804!,great-wine-beetle,1.320000,1.567758,-1.566316,0.069296,-1.498398,0.772493,-0.690035,0.805457,0.037250,-8.427518,-8.079707,-0.288801,6.547293
78837936358815804!,great-wine-beetle,1.330000,1.575283,-1.573056,0.077161,-1.498014,0.750760,-0.671887,0.786444,0.040509,-8.407307,-8.130983,-0.379206,6.530568
78837936358815804!,great-wine-beetle,1.340000,1.582597,-1.579619,0.084841,-1.497599,0.729658,-0.654209,0.767866,0.043501,-8.388469,-8.180791,-0.466067,6.514949
78837936358815804!,great-wine-beetle,1.350000,1.589705,-1.586008,0.092339,-1.497155,0.709164,-0.636986,0.749706,0.046239,-8.370916,-8.229219,-0.549604,6.500367
78837936358815804!,great-wine-beetle,1.360000,1.596614,-1.592229,0.099660,-1.496686,0.689253,-0.620204,0.731949,0.048738,-8.354568,-8.276344,-0.630014,6.486756
78837936358815804!,great-wine-beetle,1.370000,1.603328,-1.598286,0.106806,-1.496193,0.669905,-0.603850,0.714580,0.051011,-8.339351,-8.322238,-0.707477,6.474058
78837936358815804!,great-wine-beetle,1.380000,1.609854,-1.604182,0.113783,-1.495678,0.651099,-0.587911,0.697587,0.053069,-8.325194,-8.366963,-0.782158,6.462215
78837936358815804!,great-wine-beetle,1.390000,1.616196,-1.609922,0.120594,-1.495145,0.632815,-0.572375,0.680956,0.054924,-8.312033,-8.410575,-0.854208,6.451175
78837936358815804!,great-wine-beetle,1.400000,1.622360,-1.615510,0.127242,-1.494593,0.615036,-0.557230,0.664678,0.056587,-8.299806,-8.453124,-0.923764,6.440890
78837936358815804!,great-wine-beetle,1.410000,1.628351,-1.620950,0.133730,-1.494027,0.597743,-0.542466,0.648740,0.058069,-8.288458,-8.494656,-0.990953,6.431314
78837936358815804!,great-wine-beetle,1.420000,1.634173,-1.626245,0.140063,-1.493446,0.580920,-0.528071,0.633134,0.059378,-8.277935,-8.535213,-1.055892,6.422405
78837936358815804!,great-wine-beetle,1.430000,1.639830,-1.631399,0.146242,-1.492854,0.564553,-0.514035,0.617849,0.060526,-8.268187,-8.574831,-1.118691,6.414122
78837936358815804!,great-wine-beetle,1.440000,1.645328,-1.636416,0.152272,-1.492251,0.548626,-0.500347,0.602878,0.061519,-8.259168,-8.613546,-1.179448,6.406429
78837936358815804!,great-wine-beetle,1.450000,1.650671,-1.641299,0.158156,-1.491639,0.533125,-0.487000,0.588211,0.062367,-8.250834,-8.651388,-1.238257,6.399290
78837936358815804!,great-wine-beetle,1.460000,1.655862,-1.646050,0.163895,-1.491019,0.518036,-0.473982,0.573842,0.063078,-8.243143,-8.688387,-1.295205,6.392672
78837936358815804!,great-wine-beetle,1.470000,1.660906,-1.650675,0.169494,-1.490393,0.503347,-0.461285,0.559763,0.063659,-8.236056,-8.724568,-1.350373,6.386544
78837936358815804!,great-wine-beetle,1.480000,1.665806,-1.655175,0.174955,-1.489762,0.489046,-0.448901,0.545966,0.064117,-8.229537,-8.759956,-1.403835,6.380877
78837936358815804!,great-wine-beetle,1.490000,1.670567,-1.659553,0.180280,-1.489127,0.475121,-0.436822,0.532446,0.064460,-8.223552,-8.794574,-1.455664,6.375642
78837936358815804!,great-wine-beetle,1.500000,1.675192,-1.663814,0.185473,-1.488489,0.461560,-0.425038,0.519196,0.064694,-8.218066,-8.828442,-1.505925,6.370813
78837936358815804!,great-wine-beetle,1.510000,1.679684,-1.667959,0.190536,-1.487849,0.448353,-0.413543,0.506211,0.064826,-8.213050,-8.861580,-1.554681,6.366366
78837936358815804!,great-wine-beetle,1.520000,1.684047,-1.671991,0.195472,-1.487209,0.435490,-0.402329,0.493484,0.064861,-8.208472,-8.894006,-1.601991,6.362276
78837936358815804!,great-wine-beetle,1.530000,1.688285,-1.675914,0.200283,-1.486569,0.422960,-0.391389,0.481010,0.064806,-8.204307,-8.925737,-1.647910,6.358523
78837936358815804!,great-wine-beetle,1.540000,1.692400,-1.679729,0.204972,-1.485930,0.410754,-0.380715,0.468784,0.064665,-8.200527,-8.956789,-1.692491,6.355083
78837936358815804!,great-wine-beetle,1.550000,1.696396,-1.683440,0.209541,-1.485292,0.398864,-0.370301,0.456801,0.064444,-8.197106,-8.987177,-1.735783,6.351938
78837936358815804!,great-wine-beetle,1.560000,1.700275,-1.687049,0.213992,-1.484657,0.387279,-0.360141,0.445056,0.064148,-8.194022,-9.016915,-1.777834,6.349068
78837936358815804!,great-wine-beetle,1.570000,1.704042,-1.690558,0.218328,-1.484026,0.375993,-0.350228,0.433545,0.063783,-8.191250,-9.046017,-1.818688,6.346455
78837936358815804!,great-wine-beetle,1.580000,1.707698,-1.693970,0.222552,-1.483398,0.364995,-0.340555,0.422263,0.063352,-8.188770,-9.074495,-1.858387,6.344081
78837936358815804!,great-wine-beetle,1.590000,1.711247,-1.697288,0.226665,-1.482775,0.354280,-0.331117,0.411207,0.062859,-8.186562,-9.102362,-1.896971,6.341931
78837936358815804!,great-wine-beetle,1.600000,1.714691,-1.700513,0.230669,-1.482158,0.343838,-0.321909,0.400372,0.062310,-8.184604,-9.129628,-1.934480,6.339988
78837936358815804!,great-wine-beetle,1.610000,1.718033,-1.703648,0.234567,-1.481546,0.333664,-0.312924,0.389753,0.061708,-8.182879,-9.156306,-1.970950,6.338237
78837936358815804!,great-wine-beetle,1.620000,1.721276,-1.706695,0.238362,-1.480940,0.323749,-0.304156,0.379348,0.061057,-8.181370,-9.182404,-2.006415,6.336665
78837936358815804!,great-wine-beetle,1.630000,1.724422,-1.709657,0.242054,-1.480341,0.314087,-0.295602,0.369153,0.060361,-8.180058,-9.207935,-2.040909,6.335258
78837936358815804!,great-wine-beetle,1.640000,1.727473,-1.712534,0.245646,-1.479749,0.304672,-0.287255,0.359164,0.059623,-8.178929,-9.232907,-2.074464,6.334003
78837936358815804!,great-wine-beetle,1.650000,1.730433,-1.715330,0.249141,-1.479165,0.295496,-0.279111,0.349378,0.058847,-8.177966,-9.257329,-2.107111,6.332888
78837936358815804!,great-wine-beetle,1.660000,1.733302,-1.718046,0.252539,-1.478589,0.286555,-0.271165,0.339791,0.058035,-8.177156,-9.281212,-2.138878,6.331902
78837936358815804!,great-wine-beetle,1.670000,1.736085,-1.720685,0.255844,-1.478020,0.277841,-0.263412,0.330399,0.057192,-8.176484,-9.304563,-2.169793,6.331032
78837936358815804!,great-wine-beetle,1.680000,1.738782,-1.723247,0.259056,-1.477461,0.269350,-0.255848,0.321201,0.056319,-8.175937,-9.327391,-2.199884,6.330269
78837936358815804!,great-wine-beetle,1.690000,1.741397,-1.725736,0.262179,-1.476910,0.261075,-0.248468,0.312193,0.055420,-8.175504,-9.349705,-2.229176,6.329603
78837936358815804!,great-wine-beetle,1.700000,1.743930,-1.728152,0.265213,-1.476368,0.253011,-0.241268,0.303372,0.054497,-8.175171,-9.371512,-2.257693,6.329023
78837936358815804!,great-wine-beetle,1.710000,1.746385,-1.730498,0.268161,-1.475835,0.245154,-0.234244,0.294734,0.053553,-8.174928,-9.392821,-2.285460,6.328522
78837936358815804!,great-wine-beetle,1.720000,1.748763,-1.732775,0.271024,-1.475312,0.237497,-0.227392,0.286278,0.052591,-8.174764,-9.413639,-2.312499,6.328091
78837936358815804!,great-wine-beetle,1.730000,1.751066,-1.734985,0.273804,-1.474799,0.230036,-0.220707,0.277999,0.051612,-8.174669,-9.433973,-2.338831,6.327721
78837936358815804!,great-wine-beetle,1.740000,1.753297,-1.737130,0.276504,-1.474295,0.222767,-0.214187,0.269897,0.050619,-8.174633,-9.453832,-2.364479,6.327406
78837936358815804!,great-wine-beetle,1.750000,1.755456,-1.739211,0.279124,-1.473801,0.215685,-0.207827,0.261967,0.049614,-8.174648,-9.473222,-2.389462,6.327137
78837936358815804!,great-wine-beetle,1.760000,1.757547,-1.741230,0.281666,-1.473317,0.208785,-0.201624,0.254207,0.048599,-8.174705,-9.492151,-2.413799,6.326907
78837936358815804!,great-wine-beetle,1.770000,1.759570,-1.743188,0.284133,-1.472844,0.202063,-0.195574,0.246615,0.047576,-8.174796,-9.510625,-2.437510,6.326711
78837936358815804!,great-wine-beetle,1.780000,1.761527,-1.745087,0.286525,-1.472380,0.195515,-0.189674,0.239189,0.046546,-8.174913,-9.528652,-2.460612,6.326543
78837936358815804!,great-wine-beetle,1.790000,1.763421,-1.746928,0.288845,-1.471927,0.189136,-0.183920,0.231924,0.045512,-8.175050,-9.546238,-2.483123,6.326396
78837936358815804!,great-wine-beetle,1.800000,1.765252,-1.748713,0.291093,-1.471484,0.182924,-0.178310,0.224821,0.044475,-8.175199,-9.563390,-2.505059,6.326265
78837936358815804!,great-wine-beetle,1.810000,1.767022,-1.750444,0.293272,-1.471051,0.176873,-0.172840,0.217874,0.043436,-8.175354,-9.580114,-2.526436,6.326146
78837936358815804!,great-wine-beetle,1.820000,1.768734,-1.752121,0.295383,-1.470629,0.170981,-0.167507,0.211084,0.042397,-8.175510,-9.596418,-2.547271,6.326033
78837936358815804!,great-wine-beetle,1.830000,1.770388,-1.753745,0.297428,-1.470217,0.165243,-0.162307,0.204446,0.041360,-8.175661,-9.612308,-2.567577,6.325922
78837936358815804!,great-wine-beetle,1.840000,1.771986,-1.755319,0.299408,-1.469815,0.159656,-0.157239,0.197960,0.040325,-8.175783,-9.627759,-2.587352,6.325795
78837936358815804!,great-wine-beetle,1.850000,1.773530,-1.756844,0.301325,-1.469423,0.154217,-0.152298,0.191622,0.039295,-8.175829,-9.642709,-2.606572,6.325615
78837936358815804!,great-wine-beetle,1.860000,1.775022,-1.758322,0.303181,-1.469041,0.148921,-0.147483,0.185430,0.038269,-8.175867,-9.657274,-2.625307,6.325434
78837936358815804!,great-wine-beetle,1.870000,1.776462,-1.759752,0.304976,-1.468669,0.143766,-0.142790,0.179381,0.037249,-8.175891,-9.671462,-2.643571,6.325247
78837936358815804!,great-wine-beetle,1.880000,1.777853,-1.761137,0.306713,-1.468307,0.138749,-0.138216,0.173474,0.036237,-8.175898,-9.685279,-2.661378,6.325052
78837936358815804!,great-wine-beetle,1.890000,1.779195,-1.762478,0.308393,-1.467956,0.133866,-0.133760,0.167706,0.035232,-8.175883,-9.698729,-2.678738,6.324845
78837936358815804!,great-wine-beetle,1.900000,1.780489,-1.763775,0.310017,-1.467613,0.129114,-0.129418,0.162075,0.034237,-8.175843,-9.711819,-2.695665,6.324624
78837936358815804!,great-wine-beetle,1.910000,1.781738,-1.765030,0.311586,-1.467281,0.124490,-0.125189,0.156579,0.033251,-8.175774,-9.724556,-2.712169,6.324385
78837936358815804!,great-wine-beetle,1.920000,1.782942,-1.766245,0.313102,-1.466958,0.119992,-0.121070,0.151216,0.032275,-8.175673,-9.736943,-2.728262,6.324126
78837936358815804!,great-wine-beetle,1.930000,1.784102,-1.767419,0.314566,-1.466645,0.115617,-0.117058,0.145984,0.031311,-8.175539,-9.748988,-2.743953,6.323845
78837936358815804!,great-wine-beetle,1.940000,1.785220,-1.768555,0.315980,-1.466341,0.111362,-0.113151,0.140881,0.030358,-8.175367,-9.760695,-2.759254,6.323540
78837936358815804!,great-wine-beetle,1.950000,1.786297,-1.769652,0.317343,-1.466047,0.107224,-0.109348,0.135904,0.029418,-8.175158,-9.772071,-2.774174,6.323209
78837936358815804!,great-wine-beetle,1.960000,1.787333,-1.770713,0.318659,-1.465761,0.103201,-0.105645,0.131053,0.028491,-8.174907,-9.783121,-2.788723,6.322851
78837936358815804!,great-wine-beetle,1.970000,1.788331,-1.771738,0.319927,-1.465485,0.099290,-0.102041,0.126324,0.027577,-8.174615,-9.793851,-2.802908,6.322464
78837936358815804!,great-wine-beetle,1.980000,1.789290,-1.772727,0.321149,-1.465218,0.095489,-0.098534,0.121716,0.026678,-8.174279,-9.804265,-2.816740,6.322048
78837936358815804!,great-wine-beetle,1.990000,1.790213,-1.773683,0.322327,-1.464959,0.091796,-0.095122,0.117227,0.025793,-8.173898,-9.814370,-2.830227,6.321601
78837936358815804!,great-wine-beetle,2.000000,1.791100,-1.774606,0.323461,-1.464709,0.088208,-0.091802,0.112855,0.024922,,,,
