ID,System,t,X,Y,X1,Y1,X2,Y2,dX,dY,dX1,dY1,dX2,dY2,U1,U2,U3,U4
1878603104524047239!,talented-zippy-butterfly,0.000000,0.082488,-1.440334,-0.872029,-1.738490,-0.644312,-0.764763,0.000000,0.000000,0.000000,0.000000,0.000000,0.000000,-289.846450,133.472813,-182.506439,-871.170296
1878603104524047239!,talented-zippy-butterfly,0.010000,0.077417,-1.432329,-0.875334,-1.736082,-0.646985,-0.762503,-1.015453,1.597311,-0.659925,0.482164,-0.533233,0.452449,-164.253218,113.286468,-117.503940,-591.141349
1878603104524047239!,talented-zippy-butterfly,0.020000,0.064169,-1.410437,-0.883478,-1.729757,-0.654081,-0.756424,-1.637688,2.775644,-0.966364,0.783355,-0.883281,0.763774,-82.789045,97.360049,-72.415153,-399.226875
1878603104524047239!,talented-zippy-butterfly,0.030000,0.045968,-1.378325,-0.893479,-1.721022,-0.664037,-0.747699,-2.008655,3.642643,-1.031758,0.964641,-1.105840,0.982104,-30.488725,84.275454,-40.276023,-265.265568
1878603104524047239!,talented-zippy-butterfly,0.040000,0.024873,-1.338742,-0.903305,-1.710877,-0.675778,-0.737106,-2.216581,4.269783,-0.931680,1.064986,-1.240288,1.137095,2.047271,73.375157,-16.908248,-171.088223
1878603104524047239!,talented-zippy-butterfly,0.050000,0.002241,-1.293828,-0.911556,-1.699999,-0.688559,-0.725180,-2.316645,4.708897,-0.717793,1.111828,-1.314793,1.248396,20.787465,64.313364,0.295431,-105.373480
1878603104524047239!,talented-zippy-butterfly,0.060000,-0.021027,-1.245257,-0.917272,-1.688817,-0.701888,-0.712287,-2.343327,5.000389,-0.426009,1.126314,-1.349764,1.330058,29.553818,56.863700,13.036551,-60.811349
1878603104524047239!,talented-zippy-butterfly,0.070000,-0.044301,-1.194340,-0.919796,-1.677568,-0.715444,-0.698671,-2.317913,5.177511,-0.081580,1.125804,-1.360041,1.392692,30.821760,50.842093,22.478901,-32.495009
1878603104524047239!,talented-zippy-butterfly,0.080000,-0.067119,-1.142085,-0.918686,-1.666330,-0.729033,-0.684479,-2.253275,5.268631,0.297509,1.125218,-1.356394,1.444684,26.221371,46.078392,29.459510,-16.984003
1878603104524047239!,talented-zippy-butterfly,0.090000,-0.089120,-1.089229,-0.913657,-1.655038,-0.742556,-0.669784,-2.156890,5.298495,0.698311,1.137698,-1.346509,1.492806,16.853699,42.409994,34.605101,-11.762379
1878603104524047239!,talented-zippy-butterfly,0.100000,-0.110003,-1.036278,-0.904534,-1.643501,-0.755978,-0.654598,-2.032835,5.288978,1.111356,1.174915,-1.335655,1.542513,3.498167,39.683144,38.396716,-14.912884
1878603104524047239!,talented-zippy-butterfly,0.110000,-0.129494,-0.983528,-0.891227,-1.631419,-0.769307,-0.638879,-1.883189,5.259551,1.529525,1.247185,-1.327150,1.598089,-13.242342,37.755368,41.205641,-24.906727
1878603104524047239!,talented-zippy-butterfly,0.120000,-0.147336,-0.931091,-0.873710,-1.618392,-0.782578,-0.622553,-1.709063,5.227548,1.947188,1.363442,-1.322684,1.662676,-32.830475,36.496035,43.313509,-40.451788
1878603104524047239!,talented-zippy-butterfly,0.130000,-0.163283,-0.878913,-0.852008,-1.603936,-0.795834,-0.605515,-1.511432,5.208256,2.359529,1.531094,-1.322564,1.738259,-54.701888,35.783966,44.923351,-60.369370
1878603104524047239!,talented-zippy-butterfly,0.140000,-0.177099,-0.826796,-0.826195,-1.587503,-0.809116,-0.587649,-1.291803,5.214821,2.762018,1.755774,-1.325905,1.825600,-78.184807,35.502142,46.165124,-83.487078
1878603104524047239!,talented-zippy-butterfly,0.150000,-0.188568,-0.774423,-0.796389,-1.568496,-0.822451,-0.568836,-1.052772,5.257956,3.149978,2.040972,-1.330814,1.924155,-102.432542,35.530315,47.097849,-108.547003
1878603104524047239!,talented-zippy-butterfly,0.160000,-0.197506,-0.721381,-0.762759,-1.546299,-0.835840,-0.548973,-0.798432,5.345505,3.518275,2.387599,-1.334594,2.031992,-126.376201,35.737001,47.710502,-134.136673
1878603104524047239!,talented-zippy-butterfly,0.170000,-0.203823,-0.667204,-0.725561,-1.520309,-0.849252,-0.527988,-0.534532,5.482027,3.861190,2.793714,-1.334260,2.146113,-148.707893,35.970791,47.927229,-158.645117
1878603104524047239!,talented-zippy-butterfly,0.180000,-0.207512,-0.611407,-0.685124,-1.489978,-0.862618,-0.505856,-0.268533,5.668264,4.172330,3.254100,-1.326667,2.262317,-167.919854,36.059348,47.614992,-180.291528
1878603104524047239!,talented-zippy-butterfly,0.190000,-0.208604,-0.553519,-0.641804,-1.454816,-0.875846,-0.482590,-0.009524,5.900491,4.444598,3.759656,-1.308472,2.374731,-182.403806,35.817380,46.595681,-197.230565
1878603104524047239!,talented-zippy-butterfly,0.200000,-0.207225,-0.493124,-0.596028,-1.414445,-0.888814,-0.458268,0.232264,6.170447,4.670485,4.297491,-1.276816,2.476397,-190.608285,35.057076,44.679087,-207.692980
1878603104524047239!,talented-zippy-butterfly,0.210000,-0.203604,-0.429915,-0.548295,-1.368631,-0.901375,-0.433038,0.446169,6.465589,4.842511,4.851280,-1.229727,2.559695,-191.262055,33.610142,41.704433,-210.208060
1878603104524047239!,talented-zippy-butterfly,0.220000,-0.198072,-0.363722,-0.499176,-1.317313,-0.913372,-0.407125,0.622038,6.769889,4.953827,5.402091,-1.166474,2.616945,-183.622534,31.355671,37.588339,-203.854915
1878603104524047239!,talented-zippy-butterfly,0.230000,-0.191050,-0.294545,-0.449303,-1.260623,-0.924648,-0.380823,0.751277,7.065201,4.998922,5.929717,-1.087776,2.641147,-167.690863,28.247281,32.368265,-188.482992
1878603104524047239!,talented-zippy-butterfly,0.240000,-0.183032,-0.222565,-0.399350,-1.198888,-0.935061,-0.354487,0.827865,7.333080,4.974328,6.414373,-0.995816,2.626754,-144.324161,24.330749,26.227360,-164.830678
1878603104524047239!,talented-zippy-butterfly,0.250000,-0.174553,-0.148135,-0.350015,-1.132621,-0.944499,-0.328514,0.849121,7.556784,4.879165,6.838522,-0.894016,2.570357,-115.189452,19.744297,19.488671,-134.484719
1878603104524047239!,talented-zippy-butterfly,0.260000,-0.166157,-0.071756,-0.301989,-1.062488,-0.952888,-0.303323,0.816077,7.723101,4.715421,7.188489,-0.786606,2.471119,-82.545555,14.698394,12.574841,-99.665271
1878603104524047239!,talented-zippy-butterfly,0.270000,-0.158358,0.005962,-0.255930,-0.989267,-0.960195,-0.279330,0.733349,7.823643,4.487874,7.455546,-0.678073,2.330875,-48.895904,9.439005,5.941276,-62.878835
1878603104524047239!,talented-zippy-butterfly,0.280000,-0.151610,0.084350,-0.212439,-0.913798,-0.966433,-0.256918,0.608540,7.855335,4.203675,7.636244,-0.572584,2.153857,-16.601734,4.204425,0.000798,-26.528499
1878603104524047239!,talented-zippy-butterfly,0.290000,-0.146285,0.162732,-0.172035,-0.836937,-0.971650,-0.236424,0.451303,7.820087,3.871671,7.731983,-0.473532,1.946113,12.442149,-0.811960,-4.939017,7.415629
1878603104524047239!,talented-zippy-butterfly,0.300000,-0.142649,0.240465,-0.135148,-0.759506,-0.975922,-0.218120,0.272285,7.723764,3.501641,7.747988,-0.383249,1.714750,36.994057,-5.483606,-8.710155,37.609960
1878603104524047239!,talented-zippy-butterfly,0.310000,-0.140866,0.316975,-0.102108,-0.682274,-0.979342,-0.202211,0.082198,7.574847,3.103610,7.692038,-0.302933,1.467157,56.496151,-9.753757,-11.287233,63.372028
1878603104524047239!,talented-zippy-butterfly,0.320000,-0.140990,0.391773,-0.073146,-0.605923,-0.982010,-0.188830,-0.109044,7.382928,2.687197,7.573073,-0.232745,1.210395,70.965178,-13.624944,-12.758646,84.585716
1878603104524047239!,talented-zippy-butterfly,0.330000,-0.142982,0.464467,-0.048401,-0.531050,-0.984022,-0.178045,-0.292711,7.157527,2.261317,7.400177,-0.172022,0.950736,80.815491,-17.137184,-13.288129,101.525092
1878603104524047239!,talented-zippy-butterfly,0.340000,-0.146722,0.534758,-0.027926,-0.458160,-0.985467,-0.169864,-0.461502,6.907202,1.833997,7.181842,-0.119527,0.693438,86.661566,-20.345436,-13.070759,114.663152
1878603104524047239!,talented-zippy-butterfly,0.350000,-0.152063,0.602476,-0.011702,-0.387624,-0.986426,-0.164209,-0.609474,6.638896,1.412332,6.925516,-0.073650,0.442423,89.147163,-23.296412,-12.297105,124.495488
1878603104524047239!,talented-zippy-butterfly,0.360000,-0.158771,0.667465,0.000359,-0.319793,-0.986954,-0.161004,-0.731933,6.358559,1.002506,6.638122,-0.032781,0.200944,88.891750,-26.024174,-11.140634,131.492871
1878603104524047239!,talented-zippy-butterfly,0.370000,-0.166570,0.729621,0.008403,-0.254952,-0.987093,-0.160146,-0.825377,6.070852,0.609795,6.325902,0.004631,-0.028545,86.408625,-28.539296,-9.740055,136.018047
1878603104524047239!,talented-zippy-butterfly,0.380000,-0.175144,0.788879,0.012625,-0.193334,-0.986869,-0.161521,-0.887332,5.779483,0.238534,5.994713,0.039955,-0.244117,82.105046,-30.828217,-8.199526,138.324252
1878603104524047239!,talented-zippy-butterfly,0.390000,-0.184177,0.845218,0.013255,-0.135098,-0.986299,-0.164970,-0.916594,5.487139,-0.107786,5.650030,0.074352,-0.444524,76.252523,-32.851578,-6.582025,138.529917
1878603104524047239!,talented-zippy-butterfly,0.400000,-0.193324,0.898629,0.010560,-0.080366,-0.985384,-0.170350,-0.912863,5.196201,-0.426754,5.297437,0.108671,-0.628600,69.078655,-34.555170,-4.930244,136.707847
1878603104524047239!,talented-zippy-butterfly,0.410000,-0.202288,0.949157,0.004815,-0.029162,-0.984125,-0.177478,-0.876943,4.908491,-0.717066,4.942335,0.143486,-0.795638,60.750898,-35.871797,-3.263907,132.875470
1878603104524047239!,talented-zippy-butterfly,0.420000,-0.210751,0.996838,-0.003689,0.018511,-0.982515,-0.186182,-0.810817,4.625689,-0.978452,4.590209,0.179056,-0.944907,51.424821,-36.733936,-1.591498,127.054301
1878603104524047239!,talented-zippy-butterfly,0.430000,-0.218418,1.041723,-0.014666,0.062701,-0.980546,-0.196287,-0.717576,4.349240,-1.211720,4.246400,0.215348,-1.075760,41.253878,-37.079821,0.085156,119.285573
1878603104524047239!,talented-zippy-butterfly,0.440000,-0.225026,1.083878,-0.027841,0.103512,-0.978212,-0.207609,-0.601357,4.080340,-1.418697,3.915946,0.252063,-1.187666,30.399178,-36.861365,1.766238,109.649368
1878603104524047239!,talented-zippy-butterfly,0.450000,-0.230363,1.123380,-0.042964,0.141096,-0.975509,-0.219957,-0.467194,3.819907,-1.602121,3.603387,0.288664,-1.280221,19.034767,-36.051628,3.450124,98.279320
1878603104524047239!,talented-zippy-butterfly,0.460000,-0.234270,1.160315,-0.059814,0.175650,-0.972444,-0.233137,-0.320808,3.568540,-1.765476,3.312584,0.324406,-1.353139,7.345932,-34.650376,5.131096,85.368249
1878603104524047239!,talented-zippy-butterfly,0.470000,-0.236646,1.194777,-0.078209,0.207408,-0.969028,-0.246950,-0.168331,3.326476,-1.912762,3.046557,0.358377,-1.406269,-4.476872,-32.687104,6.798369,71.166035
1878603104524047239!,talented-zippy-butterfly,0.480000,-0.237454,1.226858,-0.098008,0.236628,-0.965286,-0.261196,-0.015999,3.093556,-2.048255,2.807369,0.389542,-1.439609,-16.246401,-30.221166,8.436109,55.970770
1878603104524047239!,talented-zippy-butterfly,0.490000,-0.236742,1.256656,-0.119119,0.263598,-0.961252,-0.275672,0.130253,2.869185,-2.176243,2.595992,0.416795,-1.453338,-27.790198,-27.338709,10.024482,40.111630
1878603104524047239!,talented-zippy-butterfly,0.500000,-0.234693,1.284269,-0.141503,0.288620,-0.956972,-0.290180,0.265293,2.652315,-2.300714,2.412144,0.439035,-1.447873,-38.965234,-24.146384,11.541684,23.923540
1878603104524047239!,talented-zippy-butterfly,0.510000,-0.231413,1.309753,-0.165137,0.311951,-0.952500,-0.304537,0.384334,2.441686,-2.425178,2.255071,0.455171,-1.423638,-49.645327,-20.764845,12.962833,7.746155
1878603104524047239!,talented-zippy-butterfly,0.520000,-0.227064,1.333158,-0.190031,0.333844,-0.947903,-0.318560,0.483555,2.235716,-2.552537,2.123204,0.464173,-1.381188,-59.741267,-17.318752,14.262782,-8.113652
1878603104524047239!,talented-zippy-butterfly,0.530000,-0.221844,1.354519,-0.216224,0.354535,-0.943254,-0.332071,0.560183,2.032596,-2.684940,2.014358,0.465110,-1.321154,-69.203564,-13.927826,15.416660,-23.401808
1878603104524047239!,talented-zippy-butterfly,0.540000,-0.215981,1.373853,-0.243772,0.374239,-0.938640,-0.344898,0.612504,1.830427,-2.823700,1.925960,0.457172,-1.244193,-78.021845,-10.698912,16.399708,-37.932505
1878603104524047239!,talented-zippy-butterfly,0.550000,-0.209717,1.391162,-0.272740,0.393150,-0.934153,-0.356873,0.639820,1.627345,-2.969227,1.855253,0.439684,-1.150920,-86.224205,-7.719740,17.186572,-51.601087
1878603104524047239!,talented-zippy-butterfly,0.560000,-0.203299,1.406428,-0.303196,0.411431,-0.929892,-0.367833,0.642325,1.421727,-3.121047,1.799566,0.412126,-1.041865,-93.868757,-5.055450,17.749429,-64.384711
1878603104524047239!,talented-zippy-butterfly,0.570000,-0.196970,1.419624,-0.335196,0.429223,-0.925960,-0.377621,0.620984,1.212353,-3.277790,1.756489,0.374139,-0.917422,-101.038721,-2.747399,18.056030,-76.342466
1878603104524047239!,talented-zippy-butterfly,0.580000,-0.190960,1.430709,-0.368780,0.446646,-0.922465,-0.386081,0.577393,0.998632,-3.437239,1.724074,0.325544,-0.777824,-107.832739,-0.814362,18.067259,-87.606245
1878603104524047239!,talented-zippy-butterfly,0.590000,-0.185484,1.439644,-0.403962,0.463802,-0.919514,-0.393056,0.513664,0.780809,-3.596375,1.700993,0.266363,-0.623128,-114.356077,0.744768,17.735135,-98.368894
1878603104524047239!,talented-zippy-butterfly,0.600000,-0.180739,1.446380,-0.440714,0.480764,-0.917205,-0.398415,0.432431,0.560191,-3.751408,1.686614,0.196885,-0.453256,-120.713165,1.948792,17.002469,-108.872239
1878603104524047239!,talented-zippy-butterfly,0.610000,-0.176885,1.450896,-0.478970,0.497615,-0.915636,-0.402009,0.336649,0.339275,-3.897944,1.681170,0.117641,-0.267944,-126.997570,2.827898,15.802302,-119.384418
1878603104524047239!,talented-zippy-butterfly,0.620000,-0.174049,1.453211,-0.518623,0.514452,-0.914901,-0.403679,0.229628,0.121877,-4.031055,1.685768,0.029481,-0.066816,-133.287044,3.420223,14.060976,-130.182757
1878603104524047239!,talented-zippy-butterfly,0.630000,-0.172323,1.453389,-0.559514,0.531389,-0.915086,-0.403260,0.115095,-0.086824,-4.145395,1.702354,-0.066343,0.150546,-139.638513,3.769250,11.704371,-141.533250
1878603104524047239!,talented-zippy-butterfly,0.640000,-0.171761,1.451551,-0.601428,0.548564,-0.916260,-0.400584,-0.002784,-0.280365,-4.235391,1.733631,-0.168108,0.384515,-146.081364,3.919942,8.666985,-153.661193
1878603104524047239!,talented-zippy-butterfly,0.650000,-0.172372,1.447890,-0.644094,0.566142,-0.918475,-0.395479,-0.119389,-0.451236,-4.295460,1.782902,-0.273560,0.635326,-152.611393,3.915597,4.904412,-166.718588
1878603104524047239!,talented-zippy-butterfly,0.660000,-0.174118,1.442676,-0.687184,0.584327,-0.921756,-0.387772,-0.229692,-0.591303,-4.320309,1.853807,-0.379866,0.902962,-159.182442,3.793248,0.407604,-180.743330
1878603104524047239!,talented-zippy-butterfly,0.670000,-0.176908,1.436265,-0.730320,0.603357,-0.926095,-0.377292,-0.328341,-0.692403,-4.305233,1.949977,-0.483598,1.187034,-165.700082,3.580320,-4.782518,-195.622560
1878603104524047239!,talented-zippy-butterfly,0.680000,-0.180597,1.429090,-0.773079,0.623506,-0.931448,-0.363874,-0.409827,-0.747091,-4.246411,2.074599,-0.580767,1.486653,-172.016394,3.291614,-10.563446,-211.062632
1878603104524047239!,talented-zippy-butterfly,0.690000,-0.184983,1.421652,-0.815005,0.645075,-0.937730,-0.347366,-0.468721,-0.749459,-4.141182,2.229941,-0.666895,1.800314,-177.928760,2.928083,-16.765684,-226.576802
1878603104524047239!,talented-zippy-butterfly,0.700000,-0.189811,1.414504,-0.855623,0.668384,-0.944806,-0.327631,-0.499979,-0.695934,-3.988253,2.416881,-0.737158,2.125778,-183.185064,2.478299,-23.156452,-241.499702
1878603104524047239!,talented-zippy-butterfly,0.710000,-0.194778,1.408220,-0.894447,0.693752,-0.952493,-0.304562,-0.499279,-0.585928,-3.787828,2.634506,-0.786591,2.460002,-187.497105,1.923023,-29.453889,-255.033512
1878603104524047239!,talented-zippy-butterfly,0.720000,-0.199541,1.403366,-0.931002,0.721483,-0.960558,-0.278081,-0.463370,-0.422219,-3.541644,2.879870,-0.810340,2.799109,-190.562450,1.242381,-35.350859,-266.323734
1878603104524047239!,talented-zippy-butterfly,0.730000,-0.203729,1.400465,-0.964837,0.751839,-0.968721,-0.248153,-0.390382,-0.210984,-3.252905,3.147942,-0.803959,3.138430,-192.092825,0.424229,-40.544996,-274.554295
1878603104524047239!,talented-zippy-butterfly,0.740000,-0.207007,1.399840,-0.995602,0.784927,-0.976638,-0.214893,-0.279734,0.039152,-2.925476,3.432182,-0.764215,3.473176,-191.818590,-0.531998,-44.778043,-279.022210
1878603104524047239!,talented-zippy-butterfly,0.750000,-0.209010,1.401810,-1.022949,0.820859,-0.983962,-0.178380,-0.132709,0.316812,-2.564807,3.724300,-0.688442,3.797509,-189.564283,-1.601009,-47.843019,-279.259890
1878603104524047239!,talented-zippy-butterfly,0.760000,-0.209388,1.406593,-1.046576,0.859677,-0.990329,-0.138740,0.047611,0.609054,-2.177400,4.014971,-0.575122,4.105237,-185.253476,-2.736065,-49.610458,-275.073042
1878603104524047239!,talented-zippy-butterfly,0.770000,-0.207832,1.414278,-1.066248,0.901324,-0.995366,-0.096160,0.256521,0.902513,-1.770426,4.294565,-0.424132,4.390234,-178.913682,-3.873643,-50.038109,-266.552002
1878603104524047239!,talented-zippy-butterfly,0.780000,-0.204083,1.424818,-1.081806,0.945649,-0.998704,-0.050892,0.487964,1.184436,-1.351450,4.553805,-0.236788,4.646757,-170.673400,-4.940470,-49.167468,-254.048990
1878603104524047239!,talented-zippy-butterfly,0.790000,-0.197949,1.438048,-1.093163,0.992412,-0.999995,-0.003238,0.734905,1.443553,-0.928146,4.784366,-0.015769,4.869742,-160.747981,-5.862358,-47.111467,-238.125579
1878603104524047239!,talented-zippy-butterfly,0.800000,-0.189310,1.453701,-1.100311,1.041295,-0.998921,0.046448,0.989770,1.670724,-0.508019,4.979329,0.235053,5.055059,-149.417796,-6.572965,-44.036665,-219.483264
1878603104524047239!,talented-zippy-butterfly,0.810000,-0.178124,1.471428,-1.103312,1.091921,-0.995208,0.097781,1.244911,1.859293,-0.098138,5.133464,0.510879,5.199689,-137.002908,-7.020877,-40.143425,-198.890385
1878603104524047239!,talented-zippy-butterfly,0.820000,-0.164420,1.490836,-1.102297,1.143869,-0.988633,0.150350,1.493044,2.005183,0.295094,5.243334,0.806294,5.301818,-123.837818,-7.174123,-35.646875,-177.115466
1878603104524047239!,talented-zippy-butterfly,0.830000,-0.148296,1.511516,-1.097450,1.196706,-0.979024,0.203743,1.727637,2.106773,0.666126,5.307229,1.115634,5.360839,-110.246978,-7.022555,-30.759830,-154.868806
1878603104524047239!,talented-zippy-butterfly,0.840000,-0.129929,1.533019,-1.089031,1.249959,-0.966272,0.257522,1.943346,2.164626,1.010597,5.325085,1.433123,5.377349,-96.530587,-6.572997,-25.682008,-132.779638
1878603104524047239!,talented-zippy-butterfly,0.850000,-0.109548,1.554948,-1.077336,1.303181,-0.950318,0.311280,2.136133,2.181077,1.325244,5.298115,1.753375,5.352939,-82.942157,-5.851018,-20.586622,-111.346934
1878603104524047239!,talented-zippy-butterfly,0.860000,-0.087412,1.576830,-1.062700,1.355891,-0.931173,0.364578,2.303185,2.159435,1.607926,5.228499,2.071157,5.289961,-69.725864,-4.882575,-15.630349,-91.032613
1878603104524047239!,talented-zippy-butterfly,0.870000,-0.063725,1.598205,-1.045402,1.407654,-0.908900,0.417014,2.442350,2.103441,1.857026,5.118892,2.381781,5.191199,-57.124423,-3.695884,-10.955946,-72.270519
1878603104524047239!,talented-zippy-butterfly,0.880000,-0.038781,1.618852,-1.025781,1.458126,-0.883575,0.468289,2.553636,2.018307,2.072541,4.972666,2.681876,5.060207,-45.222016,-2.346724,-6.640556,-55.162801
1878603104524047239!,talented-zippy-butterfly,0.890000,-0.012863,1.638519,-1.004172,1.506965,-0.855317,0.518106,2.637983,1.908897,2.255216,4.793190,2.968503,4.900563,-34.091116,-0.875973,-2.743300,-39.800157
1878603104524047239!,talented-zippy-butterfly,0.900000,0.013766,1.656992,-0.980901,1.553854,-0.824270,0.566196,2.697197,1.779831,2.406456,4.583736,3.239324,4.715819,-23.762551,0.682734,0.701889,-26.202566
1878603104524047239!,talented-zippy-butterfly,0.910000,0.040863,1.674099,-0.956276,1.598508,-0.790605,0.612327,2.733736,1.635354,2.528144,4.347368,3.492530,4.509378,-14.225287,2.303528,3.684000,-14.323650
1878603104524047239!,talented-zippy-butterfly,0.920000,0.068211,1.689707,-0.930586,1.640671,-0.754504,0.656295,2.750475,1.479261,2.622454,4.086872,3.726728,4.284400,-5.430527,3.968723,6.211038,-4.062148
1878603104524047239!,talented-zippy-butterfly,0.930000,0.095623,1.703720,-0.904098,1.680113,-0.716165,0.697931,2.750472,1.314875,2.691676,3.804753,3.940804,4.043764,2.702534,5.668412,8.305358,4.725231
1878603104524047239!,talented-zippy-butterfly,0.940000,0.122943,1.716075,-0.877057,1.716626,-0.675796,0.737089,2.736758,1.145090,2.738058,3.503280,4.133803,3.790056,10.280038,7.399256,9.998586,12.210951
1878603104524047239!,talented-zippy-butterfly,0.950000,0.150042,1.726736,-0.849687,1.750026,-0.633615,0.773649,2.712157,0.972458,2.763692,3.184570,4.304811,3.525619,17.426328,9.162587,11.326430,18.584452
1878603104524047239!,talented-zippy-butterfly,0.960000,0.176818,1.735693,-0.822194,1.780147,-0.589849,0.807513,2.679145,0.799311,2.770427,2.850707,4.452881,3.252615,24.276672,10.962012,12.323700,24.041139
1878603104524047239!,talented-zippy-butterfly,0.970000,0.203188,1.742965,-0.794770,1.806843,-0.544741,0.838604,2.639755,0.627894,2.759834,2.503880,4.576990,2.973125,30.970020,12.800710,13.019906,28.772929
1878603104524047239!,talented-zippy-butterfly,0.980000,0.229183,1.748527,-0.767490,1.830029,-0.498512,0.866883,2.594714,0.460374,2.732580,2.146317,4.676213,2.689115,37.593562,14.676831,13.419597,32.885900
1878603104524047239!,talented-zippy-butterfly,0.990000,0.254762,1.752419,-0.740503,1.849618,-0.451409,0.892317,2.545061,0.299290,2.689736,1.780693,4.749628,2.402758,44.277071,16.582706,13.537354,36.560073
1878603104524047239!,talented-zippy-butterfly,1.000000,0.279866,1.754722,-0.713974,1.865539,-0.403695,0.914894,2.491547,0.147385,2.632342,1.410071,4.796333,2.116372,51.145550,18.504381,13.381339,39.972701
1878603104524047239!,talented-zippy-butterfly,1.010000,0.304449,1.755544,-0.688056,1.877756,-0.355643,0.934622,2.434422,0.007601,2.561286,1.037892,4.815568,1.832425,58.295565,20.419721,12.948707,43.268972
1878603104524047239!,talented-zippy-butterfly,1.020000,0.328463,1.755027,-0.662888,1.886269,-0.307532,0.951538,2.373510,-0.116928,2.477420,0.667972,4.806839,1.553545,65.787344,22.297608,12.229028,46.560382
1878603104524047239!,talented-zippy-butterfly,1.030000,0.351861,1.753342,-0.638602,1.891118,-0.259643,0.965705,2.308303,-0.222943,2.381663,0.304442,4.770048,1.282492,73.635564,24.098344,11.209194,49.921617
1878603104524047239!,talented-zippy-butterfly,1.040000,0.374593,1.750693,-0.615317,1.892387,-0.212256,0.977214,2.238055,-0.307204,2.275105,-0.048364,4.705615,1.022084,81.799425,25.775282,9.879283,53.385704
1878603104524047239!,talented-zippy-butterfly,1.050000,0.396599,1.747315,-0.593140,1.890203,-0.165645,0.986186,2.161883,-0.366680,2.159083,-0.386077,4.614573,0.775086,90.173369,27.277579,8.238676,56.938028
1878603104524047239!,talented-zippy-butterfly,1.060000,0.417810,1.743480,-0.572164,1.884736,-0.120070,0.992765,2.078897,-0.398763,2.035280,-0.704447,4.498603,0.544083,98.585293,28.553905,6.302848,60.517679
1878603104524047239!,talented-zippy-butterfly,1.070000,0.438153,1.739467,-0.552455,1.876199,-0.075769,0.997125,1.988131,-0.401616,1.905575,-0.999723,4.360200,0.331322,106.777683,29.556308,4.102226,63.987324
1878603104524047239!,talented-zippy-butterfly,1.080000,0.457544,1.735581,-0.534067,1.864839,-0.032955,0.999457,1.888862,-0.374299,1.772279,-1.268672,4.202478,0.138569,114.441138,30.244901,1.691237,67.174732
1878603104524047239!,talented-zippy-butterfly,1.090000,0.475902,1.732109,-0.517013,1.850933,0.008207,0.999966,1.780535,-0.317002,1.637889,-1.508973,4.029164,-0.033068,121.218174,30.591009,-0.857436,69.861559
1878603104524047239!,talented-zippy-butterfly,1.100000,0.493132,1.729356,-0.501296,1.834775,0.047575,0.998868,1.662882,-0.231273,1.505149,-1.719183,3.844525,-0.183109,126.726515,30.580439,-3.457895,71.794301
1878603104524047239!,talented-zippy-butterfly,1.110000,0.509138,1.727588,-0.486887,1.816666,0.085061,0.996376,1.535968,-0.119931,1.376859,-1.899011,3.653141,-0.311871,130.598863,30.214148,-6.017280,72.716511
1878603104524047239!,talented-zippy-butterfly,1.120000,0.523827,1.727057,-0.473730,1.796910,0.120614,0.992699,1.400247,0.012883,1.255853,-2.049168,3.459788,-0.420369,132.518211,29.508816,-8.444156,72.392980
1878603104524047239!,talented-zippy-butterfly,1.130000,0.537111,1.727960,-0.461744,1.775798,0.154233,0.988034,1.256591,0.162012,1.144837,-2.171387,3.269151,-0.510319,132.258618,28.494726,-10.656976,70.645146
1878603104524047239!,talented-zippy-butterfly,1.140000,0.548915,1.730441,-0.450817,1.753601,0.185965,0.982556,1.106286,0.321560,1.046290,-2.268214,3.085614,-0.584002,129.713231,27.213167,-12.591638,67.374952
1878603104524047239!,talented-zippy-butterfly,1.150000,0.559179,1.734581,-0.440813,1.730560,0.215896,0.976416,0.950989,0.485268,0.962361,-2.342785,2.913064,-0.644109,124.910602,25.713004,-14.206584,62.581479
1878603104524047239!,talented-zippy-butterfly,1.160000,0.567860,1.740398,-0.431578,1.706885,0.244153,0.969737,0.792659,0.646913,0.894780,-2.398559,2.754736,-0.693568,118.015901,24.047020,-15.484869,56.366308
1878603104524047239!,talented-zippy-butterfly,1.170000,0.574943,1.747846,-0.422936,1.682749,0.270893,0.962609,0.633446,0.800691,0.844796,-2.439063,2.613096,-0.735366,109.317232,22.268432,-16.433204,48.927066
1878603104524047239!,talented-zippy-butterfly,1.180000,0.580432,1.756824,-0.414702,1.658291,0.296296,0.955096,0.475575,0.941538,0.813136,-2.467658,2.489792,-0.772398,99.199724,20.427850,-17.078508,40.540637
1878603104524047239!,talented-zippy-butterfly,1.190000,0.584360,1.767178,-0.406680,1.633617,0.320556,0.947230,0.321202,1.065366,0.799995,-2.487355,2.385648,-0.807336,88.111743,18.570858,-17.462859,31.539090
1878603104524047239!,talented-zippy-butterfly,1.200000,0.586783,1.778716,-0.398676,1.608805,0.343875,0.939015,0.172292,1.169190,0.805047,-2.500687,2.300713,-0.842540,76.528255,16.736229,-17.637815,22.282181
1878603104524047239!,talented-zippy-butterfly,1.210000,0.587776,1.791220,-0.390499,1.583906,0.366454,0.930436,0.030503,1.251159,0.827484,-2.509645,2.234342,-0.879999,64.915998,14.954763,-17.658977,13.130251
1878603104524047239!,talented-zippy-butterfly,1.220000,0.587430,1.804455,-0.381967,1.558957,0.388482,0.921456,-0.102888,1.310492,0.866076,-2.515661,2.185303,-0.921315,53.704100,13.248655,-17.581370,4.420673
1878603104524047239!,talented-zippy-butterfly,1.230000,0.585841,1.818141,-0.372930,1.533961,0.410137,0.912024,-0.227047,1.347438,0.919147,-2.519599,2.151757,-0.967645,43.264786,11.631266,-17.457921,-3.550337
1878603104524047239!,talented-zippy-butterfly,1.240000,0.583101,1.832052,-0.363257,1.508931,0.431562,0.902084,-0.341566,1.362910,0.984842,-2.521881,2.131682,-1.019808,33.891679,10.107264,-17.333783,-10.542753
1878603104524047239!,talented-zippy-butterfly,1.250000,0.579307,1.845986,-0.352833,1.483888,0.452875,0.891574,-0.446415,1.358398,1.061163,-2.522514,2.122865,-1.078309,25.800875,8.673278,-17.245506,-16.371557
1878603104524047239!,talented-zippy-butterfly,1.260000,0.574546,1.859748,-0.341574,1.458844,0.474171,0.880433,-0.541894,1.335836,1.145965,-2.521148,2.122918,-1.143331,19.132785,7.318638,-17.222540,-20.908574
1878603104524047239!,talented-zippy-butterfly,1.270000,0.568894,1.873166,-0.329423,1.433820,0.495516,0.868599,-0.628529,1.297415,1.237091,-2.517154,2.129426,-1.214791,13.958268,6.026562,-17.286208,-24.076537
1878603104524047239!,talented-zippy-butterfly,1.280000,0.562393,1.886063,-0.316377,1.408818,0.516939,0.856022,-0.707012,1.245454,1.332337,-2.509679,2.139927,-1.292271,10.285848,4.774667,-17.453531,-25.848263
1878603104524047239!,talented-zippy-butterfly,1.290000,0.555115,1.898334,-0.302406,1.383886,0.538464,0.842649,-0.777990,1.182347,1.429757,-2.497691,2.152207,-1.375289,8.078568,3.538110,-17.729303,-26.222008
1878603104524047239!,talented-zippy-butterfly,1.300000,0.547131,1.909894,-0.287496,1.359079,0.560095,0.828428,-0.842054,1.110473,1.527528,-2.480054,2.164163,-1.463176,7.263667,2.290399,-18.113340,-25.223988
1878603104524047239!,talented-zippy-butterfly,1.310000,0.538510,1.920676,-0.271647,1.334463,0.581821,0.813317,-0.899650,1.032148,1.623993,-2.455572,2.173842,-1.555097,7.742260,1.004853,-18.601347,-22.902064
1878603104524047239!,talented-zippy-butterfly,1.320000,0.529320,1.930633,-0.254873,1.310116,0.603612,0.797278,-0.951022,0.949617,1.717698,-2.423039,2.179461,-1.650052,9.397215,-0.343926,-19.185500,-19.321030
1878603104524047239!,talented-zippy-butterfly,1.330000,0.519626,1.939739,-0.237203,1.286127,0.625423,0.780286,-0.996157,0.865044,1.807430,-2.381277,2.179435,-1.746885,12.098819,-1.778490,-19.854734,-14.559980
1878603104524047239!,talented-zippy-butterfly,1.340000,0.509496,1.947989,-0.218677,1.262596,0.647193,0.762326,-1.034765,0.780522,1.892246,-2.329185,2.172396,-1.844300,15.708301,-3.316906,-20.594803,-8.711850
1878603104524047239!,talented-zippy-butterfly,1.350000,0.499004,1.955394,-0.199342,1.239634,0.668847,0.743400,-1.066274,0.698080,1.971501,-2.265783,2.157211,-1.940873,20.079549,-4.970998,-21.388177,-1.884890
1878603104524047239!,talented-zippy-butterfly,1.360000,0.488227,1.961989,-0.179251,1.217359,0.690303,0.723521,-1.089858,0.619671,2.044872,-2.190264,2.133006,-2.035077,25.059675,-6.744544,-22.213933,5.794537
1878603104524047239!,talented-zippy-butterfly,1.370000,0.477253,1.967825,-0.158460,1.195900,0.711467,0.702719,-1.104478,0.547155,2.112374,-2.102056,2.099186,-2.125319,30.489247,-8.631526,-23.047755,14.178683
1878603104524047239!,talented-zippy-butterfly,1.380000,0.466182,1.972972,-0.137024,1.175386,0.732243,0.681043,-1.108939,0.482236,2.174377,-2.000899,2.055467,-2.209994,36.206108,-10.614193,-23.862491,23.097857
1878603104524047239!,talented-zippy-butterfly,1.390000,0.455122,1.977516,-0.114992,1.155951,0.752532,0.658555,-1.102045,0.426452,2.231549,-1.886848,2.001835,-2.287500,42.037363,-12.663413,-24.627974,32.352651
1878603104524047239!,talented-zippy-butterfly,1.400000,0.444199,1.981558,-0.092405,1.137724,0.772237,0.635335,-1.082620,0.381019,2.284885,-1.760416,1.938622,-2.356355,47.817516,-14.736583,-25.313443,41.725754
1878603104524047239!,talented-zippy-butterfly,1.410000,0.433545,1.985208,-0.069294,1.120829,0.791263,0.611476,-1.049692,0.346800,2.335612,-1.622547,1.866441,-2.415217,53.383183,-16.779979,-25.888197,50.979836
1878603104524047239!,talented-zippy-butterfly,1.420000,0.423303,1.988586,-0.045677,1.105377,0.809526,0.587084,-1.002595,0.324203,2.385130,-1.474664,1.786181,-2.462952,58.584294,-18.730534,-26.323930,59.869654
1878603104524047239!,talented-zippy-butterfly,1.430000,0.413621,1.991811,-0.021555,1.091466,0.826949,0.562277,-0.941069,0.313109,2.434918,-1.318652,1.698962,-2.498687,63.292659,-20.519433,-26.596883,68.155193
1878603104524047239!,talented-zippy-butterfly,1.440000,0.404645,1.995002,0.003082,1.079170,0.843467,0.537181,-0.865350,0.312836,2.486431,-1.156813,1.606086,-2.521836,67.410462,-22.076919,-26.689886,75.617324
1878603104524047239!,talented-zippy-butterfly,1.450000,0.396521,1.998267,0.028263,1.068543,0.859031,0.511924,-0.776219,0.322143,2.540998,-0.991788,1.508970,-2.532115,70.877402,-23.337877,-26.593977,82.074208
1878603104524047239!,talented-zippy-butterfly,1.460000,0.389380,2.001702,0.054024,1.059610,0.873602,0.486642,-0.675009,0.339272,2.599717,-0.826430,1.409078,-2.529526,73.675255,-24.247589,-26.309331,87.396311
1878603104524047239!,talented-zippy-butterfly,1.470000,0.383341,2.005386,0.080417,1.052371,0.887158,0.461466,-0.563569,0.362046,2.663380,-0.663670,1.307854,-2.514320,75.828910,-24.766898,-25.845300,91.517793
1878603104524047239!,talented-zippy-butterfly,1.480000,0.378441,2.009302,0.107463,1.046717,0.899702,0.436506,-0.443888,0.387982,2.732372,-0.506172,1.206633,-2.487045,77.437681,-24.877631,-25.223647,94.476439
1878603104524047239!,talented-zippy-butterfly,1.490000,0.374737,2.013454,0.135209,1.042565,0.911242,0.411872,-0.318457,0.414543,2.806704,-0.356467,1.106620,-2.448327,78.605432,-24.581809,-24.468846,96.351077
1878603104524047239!,talented-zippy-butterfly,1.500000,0.372276,2.017838,0.163710,1.039829,0.921796,0.387675,-0.190004,0.439235,2.886032,-0.216747,1.008864,-2.398830,79.451379,-23.902208,-23.608557,97.273758
1878603104524047239!,talented-zippy-butterfly,1.510000,0.371075,2.022423,0.193014,1.038404,0.931392,0.364017,-0.061276,0.459733,2.969689,-0.088731,0.914241,-2.339220,80.109108,-22.880567,-22.672201,97.427341
1878603104524047239!,talented-zippy-butterfly,1.520000,0.371130,2.027160,0.223161,1.038169,0.940065,0.340997,0.065119,0.474010,3.056755,0.026411,0.823451,-2.270102,80.715656,-21.573676,-21.688273,97.029992
1878603104524047239!,talented-zippy-butterfly,1.530000,0.372409,2.031982,0.254182,1.038996,0.947854,0.318705,0.186838,0.480433,3.146126,0.128093,0.737027,-2.191977,81.401617,-20.048264,-20.681918,96.318003
1878603104524047239!,talented-zippy-butterfly,1.540000,0.374860,2.036808,0.286096,1.040755,0.954806,0.297231,0.301910,0.477822,3.236587,0.216296,0.655353,-2.105212,82.283218,-18.375380,-19.672950,95.529006
1878603104524047239!,talented-zippy-butterfly,1.550000,0.378413,2.041546,0.318910,1.043318,0.960967,0.276661,0.408796,0.465469,3.326879,0.291527,0.578684,-2.010026,83.456876,-16.624927,-18.674481,94.887306
1878603104524047239!,talented-zippy-butterfly,1.560000,0.382983,2.046102,0.352617,1.046563,0.966390,0.257080,0.506418,0.443126,3.415747,0.354741,0.507168,-1.906494,84.996338,-14.860961,-17.692167,94.592516
1878603104524047239!,talented-zippy-butterfly,1.570000,0.388481,2.050380,0.387200,1.050381,0.971125,0.238573,0.594106,0.410958,3.501958,0.407233,0.440867,-1.794575,86.953212,-13.138962,-16.724421,94.814375
1878603104524047239!,talented-zippy-butterfly,1.580000,0.394805,2.054288,0.422627,1.054675,0.975223,0.221226,0.671651,0.369542,3.584342,0.450608,0.379764,-1.674101,89.354593,-11.501404,-15.761786,95.682273
1878603104524047239!,talented-zippy-butterfly,1.590000,0.401854,2.057743,0.458853,1.059369,0.978735,0.205130,0.739179,0.319783,3.661773,0.486640,0.323778,-1.544834,92.207966,-9.977853,-14.788305,97.288649
1878603104524047239!,talented-zippy-butterfly,1.600000,0.409529,2.060669,0.495825,1.064399,0.981711,0.190377,0.796963,0.262826,3.733109,0.517150,0.272759,-1.406528,95.505565,-8.588180,-13.783641,99.696825
1878603104524047239!,talented-zippy-butterfly,1.610000,0.417736,2.063004,0.533474,1.069724,0.984200,0.177061,0.845485,0.200078,3.797222,0.544019,0.226486,-1.258927,99.223078,-7.339992,-12.722981,102.934609
1878603104524047239!,talented-zippy-butterfly,1.620000,0.426382,2.064701,0.571723,1.075320,0.986247,0.165281,0.885289,0.133146,3.852954,0.569099,0.184649,-1.101816,103.322960,-6.231999,-11.579192,107.001226
1878603104524047239!,talented-zippy-butterfly,1.630000,0.435381,2.065732,0.610480,1.081181,0.987893,0.155136,0.916906,0.063805,3.899095,0.594178,0.146840,-0.935066,107.755357,-5.256284,-10.324605,111.870083
1878603104524047239!,talented-zippy-butterfly,1.640000,0.444655,2.066073,0.649642,1.087309,0.989179,0.146716,0.940776,-0.006020,3.934360,0.620942,0.112526,-0.758668,112.460092,-4.401448,-8.933257,117.493654
1878603104524047239!,talented-zippy-butterfly,1.650000,0.454134,2.065704,0.689097,1.093700,0.990139,0.140089,0.957183,-0.074276,3.957359,0.650958,0.081034,-0.572744,117.366243,-3.655400,-7.383090,123.805131
1878603104524047239!,talented-zippy-butterfly,1.660000,0.463745,2.064657,0.728716,1.100400,0.990797,0.135354,0.966326,-0.138819,3.966761,0.685679,0.051582,-0.377581,122.382140,-3.002904,-5.656835,130.701222
1878603104524047239!,talented-zippy-butterfly,1.670000,0.473417,2.062982,0.768358,1.107467,0.991169,0.132605,0.968258,-0.197479,3.961249,0.726374,0.023237,-0.173686,127.402082,-2.429961,-3.745502,138.052722
1878603104524047239!,talented-zippy-butterfly,1.680000,0.483074,2.060755,0.807866,1.114969,0.991259,0.131930,0.962898,-0.248131,3.939578,0.774090,-0.005082,0.038185,132.305558,-1.924788,-1.650643,145.702049
1878603104524047239!,talented-zippy-butterfly,1.690000,0.492639,2.058069,0.847069,1.122986,0.991061,0.133407,0.950009,-0.288800,3.900611,0.829584,-0.034592,0.256977,136.957487,-1.480353,0.612984,153.464377
1878603104524047239!,talented-zippy-butterfly,1.700000,0.502039,2.055035,0.885795,1.131601,0.990557,0.137103,0.929410,-0.317688,3.843500,0.893332,-0.066635,0.481431,141.210253,-1.087420,3.018380,161.117475
1878603104524047239!,talented-zippy-butterfly,1.710000,0.511191,2.051785,0.923852,1.140901,0.989712,0.143072,0.900774,-0.333402,3.767609,0.965369,-0.102625,0.709919,144.907886,-0.744857,5.522401,168.420713
1878603104524047239!,talented-zippy-butterfly,1.720000,0.520011,2.048460,0.961050,1.150972,0.988481,0.151348,0.863864,-0.334987,3.672688,1.045308,-0.144013,0.940573,147.891826,-0.451757,8.068938,175.110631
1878603104524047239!,talented-zippy-butterfly,1.730000,0.528415,2.045209,0.997195,1.161894,0.986799,0.161948,0.818535,-0.322050,3.558892,1.132271,-0.192223,1.171270,150.009172,-0.209367,10.590358,180.916070
1878603104524047239!,talented-zippy-butterfly,1.740000,0.536317,2.042183,1.032100,1.173736,0.984592,0.174865,0.764786,-0.294839,3.426812,1.224870,-0.248584,1.399675,151.122137,-0.020657,13.011146,185.573384
1878603104524047239!,talented-zippy-butterfly,1.750000,0.543632,2.039527,1.065581,1.186550,0.981771,0.190068,0.702798,-0.254278,3.277478,1.321208,-0.314266,1.623295,151.118071,0.110105,15.252841,188.844312
1878603104524047239!,talented-zippy-butterfly,1.760000,0.550278,2.037376,1.097470,1.200369,0.978234,0.207503,0.632969,-0.201958,3.112334,1.418925,-0.390206,1.839553,149.918892,0.177747,17.239824,190.534638
1878603104524047239!,talented-zippy-butterfly,1.770000,0.556178,2.035849,1.127612,1.215201,0.973874,0.227089,0.555926,-0.140066,2.933192,1.515273,-0.477057,2.045867,147.488698,0.176564,18.905331,190.511228
1878603104524047239!,talented-zippy-butterfly,1.780000,0.561266,2.035040,1.155873,1.231024,0.968575,0.248720,0.472515,-0.071275,2.742149,1.607225,-0.575143,2.239740,143.838378,0.100684,20.196933,188.714990
1878603104524047239!,talented-zippy-butterfly,1.790000,0.565482,2.035020,1.182139,1.247788,0.962221,0.272270,0.383773,0.001411,2.541493,1.691603,-0.684436,2.418847,139.026386,-0.055569,21.080765,185.167664
1878603104524047239!,talented-zippy-butterfly,1.800000,0.568783,2.035832,1.206319,1.265412,0.954695,0.297587,0.290884,0.074846,2.333596,1.765227,-0.804556,2.581113,133.155273,-0.297343,21.543933,179.971167
1878603104524047239!,talented-zippy-butterfly,1.810000,0.571138,2.037494,1.228345,1.283784,0.945884,0.324506,0.195114,0.145923,2.120798,1.825051,-0.934792,2.724775,126.364160,-0.628992,21.594780,173.299265
1878603104524047239!,talented-zippy-butterfly,1.820000,0.572545,2.039881,1.248220,1.302682,0.935711,0.352768,0.097503,0.211950,1.904949,1.868555,-1.073923,2.848565,118.818655,-1.062091,21.263122,165.402953
1878603104524047239!,talented-zippy-butterfly,1.830000,0.573001,2.042903,1.265940,1.321907,0.924101,0.382148,-0.000712,0.270543,1.687988,1.893527,-1.220556,2.951516,110.699572,-1.599886,20.594826,156.558505
1878603104524047239!,talented-zippy-butterfly,1.840000,0.572512,2.046436,1.281519,1.341235,0.910998,0.412412,-0.098357,0.319820,1.471618,1.898268,-1.373075,3.033058,102.190935,-2.244130,19.648135,147.062248
1878603104524047239!,talented-zippy-butterfly,1.850000,0.571087,2.050355,1.294981,1.360444,0.896359,0.443329,-0.194304,0.358411,1.257348,1.881567,-1.529751,3.092974,93.470489,-2.993228,18.488857,137.208885
1878603104524047239!,talented-zippy-butterfly,1.860000,0.568749,2.054566,1.306348,1.379327,0.880149,0.474697,-0.287510,0.385460,1.046480,1.842647,-1.688848,3.131342,84.696904,-3.841940,17.184154,127.267154
1878603104524047239!,talented-zippy-butterfly,1.870000,0.565515,2.058896,1.315672,1.397636,0.862369,0.506279,-0.377095,0.400710,0.839974,1.781396,-1.848493,3.148625,76.012006,-4.786634,15.803305,117.493954
1878603104524047239!,talented-zippy-butterfly,1.880000,0.561412,2.063222,1.322998,1.415157,0.843025,0.537874,-0.462267,0.404399,0.638604,1.698108,-2.006922,3.145507,67.523472,-5.819959,14.408546,108.090348
1878603104524047239!,talented-zippy-butterfly,1.890000,0.556480,2.067452,1.328367,1.431692,0.822132,0.569297,-0.542381,0.397210,0.442905,1.593464,-2.162449,3.122834,59.301164,-6.933334,13.052774,99.198917
1878603104524047239!,talented-zippy-butterfly,1.900000,0.550766,2.071500,1.331829,1.447048,0.799722,0.600371,-0.616901,0.380207,0.253218,1.468551,-2.313433,3.081600,51.382998,-8.117840,11.780716,90.913809
1878603104524047239!,talented-zippy-butterfly,1.910000,0.544324,2.075290,1.333436,1.461040,0.775844,0.630925,-0.685338,0.354765,0.069761,1.324823,-2.458274,3.022919,43.778677,-9.363436,10.629081,83.283461
1878603104524047239!,talented-zippy-butterfly,1.920000,0.537218,2.078755,1.333248,1.473497,0.750563,0.660799,-0.747192,0.322500,-0.107306,1.164072,-2.595435,2.948001,36.475367,-10.658103,9.627374,76.316388
1878603104524047239!,talented-zippy-butterfly,1.930000,0.529515,2.081847,1.331324,1.484266,0.723960,0.689841,-0.801912,0.285201,-0.277829,0.988392,-2.723450,2.858149,29.444631,-11.987021,8.799021,69.988883
1878603104524047239!,talented-zippy-butterfly,1.940000,0.521291,2.084530,1.327729,1.493211,0.696133,0.717913,-0.848859,0.244764,-0.441622,0.800151,-2.840946,2.754757,22.650049,-13.331882,8.162438,64.253642
1878603104524047239!,talented-zippy-butterfly,1.950000,0.512628,2.086789,1.322529,1.500222,0.667190,0.744887,-0.887304,0.203129,-0.598451,0.601962,-2.946679,2.639318,16.055036,-14.670461,7.731761,59.048605
1878603104524047239!,talented-zippy-butterfly,1.960000,0.503618,2.088625,1.315796,1.505215,0.637254,0.770654,-0.916428,0.162218,-0.748034,0.396644,-3.039571,2.513423,9.630448,-15.976581,7.517054,54.305510
1878603104524047239!,talented-zippy-butterfly,1.970000,0.494361,2.090058,1.307603,1.508134,0.606457,0.795116,-0.935366,0.123869,-0.890065,0.187176,-3.118755,2.378761,3.361606,-17.220527,7.523975,49.957871
1878603104524047239!,talented-zippy-butterfly,1.980000,0.484964,2.091125,1.298028,1.508951,0.574939,0.818196,-0.943244,0.089762,-1.024241,-0.023357,-3.183625,2.237106,-2.745667,-18.369974,7.752978,45.948152
1878603104524047239!,talented-zippy-butterfly,1.990000,0.475547,2.091880,1.287151,1.507672,0.542846,0.839832,-0.939256,0.061358,-1.150305,-0.231839,-3.233873,2.090291,-8.660443,-19.391363,8.198310,42.233979
1878603104524047239!,talented-zippy-butterfly,2.000000,0.466235,2.092388,1.275055,1.504332,0.510323,0.859983,-0.922731,0.039815,-1.268088,-0.435194,-3.269539,1.940181,,,,
