ID,System,t,X,Y,X1,Y1,X2,Y2,dX,dY,dX1,dY1,dX2,dY2,U1,U2,U3
720549864465188855!,talented-steel-butterfly,0.000000,1.660480,1.997172,0.667096,1.882335,0.282358,0.959309,0.000000,0.000000,0.000000,0.000000,0.000000,0.000000,-434.343790,-529.405109,828.693690
720549864465188855!,talented-steel-butterfly,0.010000,1.653715,1.996510,0.659973,1.884810,0.278451,0.960450,-1.353616,-0.132700,-1.423803,0.491729,-0.781071,0.226446,-304.554851,-447.649705,677.500269
720549864465188855!,talented-steel-butterfly,0.020000,1.634788,1.993879,0.640035,1.891573,0.267477,0.963564,-2.433940,-0.396172,-2.562484,0.853709,-1.412992,0.392234,-210.708367,-388.843445,568.411402
720549864465188855!,talented-steel-butterfly,0.030000,1.605959,1.988108,0.609726,1.901395,0.250719,0.968060,-3.333548,-0.762650,-3.495788,1.101304,-1.936601,0.501562,-142.101115,-343.934915,486.102436
720549864465188855!,talented-steel-butterfly,0.040000,1.568724,1.978275,0.570844,1.913200,0.229129,0.973396,-4.112583,-1.205585,-4.272643,1.248816,-2.376764,0.559469,-90.667674,-306.577405,419.624916
720549864465188855!,talented-steel-butterfly,0.050000,1.524103,1.963730,0.524813,1.926044,0.203471,0.979081,-4.807101,-1.700225,-4.920565,1.308427,-2.747199,0.570920,-50.736093,-272.277530,361.253129
720549864465188855!,talented-steel-butterfly,0.060000,1.472844,1.944064,0.472856,1.939100,0.174412,0.984673,-5.435404,-2.223280,-5.452851,1.291023,-3.054224,0.540986,-18.605803,-237.939958,305.756284
720549864465188855!,talented-steel-butterfly,0.070000,1.415612,1.919128,0.416140,1.951640,0.142595,0.989781,-6.002894,-2.752095,-5.874089,1.207520,-3.299661,0.475373,7.917248,-201.650856,249.951447
720549864465188855!,talented-steel-butterfly,0.080000,1.353054,1.889002,0.355800,1.963058,0.108652,0.994080,-6.506296,-3.264317,-6.184455,1.069701,-3.483155,0.380707,29.974050,-162.592636,192.422205
720549864465188855!,talented-steel-butterfly,0.090000,1.285844,1.853962,0.292939,1.972876,0.073202,0.997317,-6.937473,-3.738392,-6.383096,0.890497,-3.604024,0.264533,48.049877,-120.972549,133.274326
720549864465188855!,talented-steel-butterfly,0.100000,1.214738,1.814476,0.228659,1.980755,0.036862,0.999320,-7.286903,-4.155037,-6.470930,0.683892,-3.662786,0.135109,62.289971,-77.900695,73.858333
720549864465188855!,talented-steel-butterfly,0.110000,1.140582,1.771188,0.164035,1.986493,0.000233,1.000000,-7.546788,-4.498937,-6.452537,0.464181,-3.662157,0.000854,72.757951,-35.157842,16.377596
720549864465188855!,talented-steel-butterfly,0.120000,1.064285,1.724872,0.100080,1.990029,-0.036118,0.999348,-7.713419,-4.760233,-6.337010,0.244877,-3.607465,-0.130379,79.611742,5.150815,-36.611394
720549864465188855!,talented-steel-butterfly,0.130000,0.986775,1.676366,0.037703,1.991426,-0.071690,0.997427,-7.788607,-4.935403,-6.137756,0.037551,-3.506496,-0.252028,83.190476,41.014203,-82.750913
720549864465188855!,talented-steel-butterfly,0.140000,0.908938,1.626527,-0.022335,1.990848,-0.106062,0.994360,-7.779697,-5.027086,-5.871372,-0.149051,-3.368770,-0.359324,84.010181,70.875876,-120.324140
720549864465188855!,talented-steel-butterfly,0.150000,0.831569,1.576156,-0.079443,1.988535,-0.138913,0.990305,-7.698668,-5.043042,-5.555957,-0.309434,-3.204584,-0.449518,82.705179,93.883442,-148.536388
720549864465188855!,talented-steel-butterfly,0.160000,0.755288,1.525951,-0.133247,1.984759,-0.170044,0.985436,-7.560208,-4.994320,-5.209207,-0.441330,-3.023907,-0.521796,79.937911,109.940049,-167.538856
720549864465188855!,talented-steel-butterfly,0.170000,0.680586,1.476492,-0.183518,1.979806,-0.199335,0.979931,-7.380023,-4.893656,-4.847067,-0.545007,-2.835679,-0.576826,76.317315,119.603690,-178.269204
720549864465188855!,talented-steel-butterfly,0.180000,0.607809,1.428235,-0.230163,1.973948,-0.226747,0.973954,-7.173035,-4.753748,-4.482691,-0.622576,-2.647243,-0.616307,72.343961,123.876069,-182.167112
720549864465188855!,talented-steel-butterfly,0.190000,0.537169,1.381517,-0.273205,1.967430,-0.252302,0.967648,-6.952146,-4.586034,-4.126027,-0.677239,-2.464139,-0.642493,68.385222,123.964961,-180.870522
720549864465188855!,talented-steel-butterfly,0.200000,0.468765,1.336575,-0.312746,1.960465,-0.276069,0.961138,-6.727601,-4.400044,-3.783895,-0.712633,-2.290175,-0.657809,64.677111,121.081385,-175.966457
720549864465188855!,talented-steel-butterfly,0.210000,0.402608,1.293556,-0.348945,1.953229,-0.298146,0.954520,-6.506788,-4.203090,-3.460367,-0.732364,-2.127657,-0.664576,61.340329,116.289720,-168.813214
720549864465188855!,talented-steel-butterfly,0.220000,0.338646,1.252548,-0.381987,1.945865,-0.318649,0.947873,-6.294531,-4.000473,-3.157387,-0.739729,-1.977738,-0.664862,58.407726,110.442503,-160.471802
720549864465188855!,talented-steel-butterfly,0.230000,0.276792,1.213592,-0.412071,1.938484,-0.337703,0.941253,-6.093555,-3.795810,-2.875382,-0.737586,-1.840762,-0.660430,55.851039,104.166175,-151.699687
720549864465188855!,talented-steel-butterfly,0.240000,0.216942,1.176701,-0.439392,1.931171,-0.355432,0.934702,-5.904989,-3.591435,-2.613807,-0.728342,-1.716558,-0.652742,53.603983,97.882492,-142.986823
720549864465188855!,talented-steel-butterfly,0.250000,0.158895,1.141839,-0.464213,1.923975,-0.371990,0.928237,-5.728663,-3.388687,-2.371396,-0.714043,-1.604543,-0.643019,51.580822,91.854609,-134.619894
720549864465188855!,talented-steel-butterfly,0.260000,0.102522,1.108981,-0.486723,1.916936,-0.387498,0.921871,-5.563845,-3.188400,-2.146793,-0.696328,-1.504128,-0.632243,49.687827,86.217280,-126.724490
720549864465188855!,talented-steel-butterfly,0.270000,0.047720,1.078103,-0.507091,1.910080,-0.402067,0.915610,-5.409408,-2.991086,-1.938637,-0.676573,-1.414732,-0.621244,47.831849,81.020122,-119.321695
720549864465188855!,talented-steel-butterfly,0.280000,-0.005605,1.049175,-0.525472,1.903423,-0.415804,0.909454,-5.264022,-2.797111,-1.745680,-0.655966,-1.335837,-0.610747,45.925400,76.259819,-112.369751
720549864465188855!,talented-steel-butterfly,0.290000,-0.057533,1.022163,-0.542009,1.896968,-0.428808,0.903396,-5.126298,-2.606826,-1.566846,-0.635566,-1.267018,-0.601406,43.889445,71.903282,-105.793697
720549864465188855!,talented-steel-butterfly,0.300000,-0.108129,0.997029,-0.556835,1.890709,-0.441178,0.897420,-4.994871,-2.420656,-1.401256,-0.616344,-1.207949,-0.593836,41.654911,67.903749,-99.505828
720549864465188855!,talented-steel-butterfly,0.310000,-0.157445,0.973733,-0.570076,1.884631,-0.453007,0.891507,-4.868456,-2.239157,-1.248221,-0.599213,-1.158401,-0.588625,39.163528,64.211251,-93.418980
720549864465188855!,talented-steel-butterfly,0.320000,-0.205521,0.952223,-0.581851,1.878709,-0.464389,0.885631,-4.745875,-2.063037,-1.107221,-0.585049,-1.118220,-0.586350,36.368399,60.778945,-87.454643
720549864465188855!,talented-steel-butterfly,0.330000,-0.252387,0.932444,-0.592276,1.872909,-0.475416,0.879761,-4.626073,-1.893178,-0.977880,-0.574701,-1.087315,-0.587577,33.234632,57.567191,-81.548342
720549864465188855!,talented-steel-butterfly,0.340000,-0.298061,0.914328,-0.601463,1.867191,-0.486181,0.873858,-4.508115,-1.730623,-0.859916,-0.568997,-1.065621,-0.592870,29.739663,54.543661,-75.650102
720549864465188855!,talented-steel-butterfly,0.350000,-0.342556,0.897798,-0.609523,1.861504,-0.496774,0.867880,-4.391203,-1.576571,-0.753117,-0.568745,-1.053081,-0.602783,25.874206,51.685115,-69.727151
720549864465188855!,talented-steel-butterfly,0.360000,-0.385876,0.882761,-0.616565,1.855788,-0.507288,0.861777,-4.274661,-1.432349,-0.657292,-0.574730,-1.049617,-0.617860,21.642874,48.976272,-63.763033
720549864465188855!,talented-steel-butterfly,0.370000,-0.428019,0.869111,-0.622698,1.849978,-0.517814,0.855493,-4.157951,-1.299385,-0.572242,-0.587707,-1.055099,-0.638631,17.065032,46.409788,-57.758146
720549864465188855!,talented-steel-butterfly,0.380000,-0.468979,0.856727,-0.628029,1.843998,-0.528443,0.848969,-4.040665,-1.179163,-0.497722,-0.608395,-1.069321,-0.665602,12.175399,43.985263,-51.729042
720549864465188855!,talented-steel-butterfly,0.390000,-0.508747,0.845473,-0.632661,1.837766,-0.539264,0.842137,-3.922523,-1.073178,-0.433412,-0.637470,-1.091975,-0.699248,7.024424,41.708060,-45.707448
720549864465188855!,talented-steel-butterfly,0.400000,-0.547312,0.835196,-0.636698,1.831193,-0.550361,0.834927,-3.803369,-0.982882,-0.378888,-0.675552,-1.122625,-0.740004,1.678334,39.587953,-39.738990
720549864465188855!,talented-steel-butterfly,0.410000,-0.584661,0.825728,-0.640235,1.824183,-0.561816,0.827262,-3.683164,-0.909628,-0.333602,-0.723191,-1.160681,-0.788250,-3.781234,37.637583,-33.881567
720549864465188855!,talented-steel-butterfly,0.420000,-0.620791,0.816892,-0.643367,1.816637,-0.573699,0.819067,-3.561960,-0.854580,-0.296858,-0.780849,-1.205402,-0.844300,-9.258991,35.871202,-28.203455
720549864465188855!,talented-steel-butterfly,0.430000,-0.655739,0.808514,-0.646182,1.808468,-0.586046,0.810278,-3.439810,-0.818553,-0.267796,-0.848868,-1.255972,-0.908402,-14.652213,34.301485,-22.776991
720549864465188855!,talented-steel-butterfly,0.440000,-0.689486,0.800402,-0.648748,1.799572,-0.598912,0.800814,-3.316912,-0.802278,-0.245455,-0.927508,-1.311296,-0.980691,-19.842339,32.932575,-17.675197
720549864465188855!,talented-steel-butterfly,0.450000,-0.722019,0.792358,-0.651121,1.789842,-0.612341,0.790594,-3.193535,-0.806157,-0.228733,-1.016885,-1.370092,-1.061180,-24.701350,31.766151,-12.976301
720549864465188855!,talented-steel-butterfly,0.460000,-0.753327,0.784180,-0.653350,1.779170,-0.626360,0.779534,-3.070004,-0.830211,-0.216400,-1.116943,-1.430898,-1.149735,-29.095054,30.798171,-8.758848
720549864465188855!,talented-steel-butterfly,0.470000,-0.783409,0.775667,-0.655471,1.767449,-0.640984,0.767554,-2.946684,-0.874032,-0.207124,-1.227429,-1.492095,-1.246047,-32.886847,30.016266,-5.097293
720549864465188855!,talented-steel-butterfly,0.480000,-0.812265,0.766625,-0.657508,1.754577,-0.656210,0.754578,-2.823965,-0.936758,-0.199508,-1.347862,-1.551931,-1.349618,-35.941959,29.397786,-2.057925
720549864465188855!,talented-steel-butterfly,0.490000,-0.839897,0.756867,-0.659470,1.740455,-0.672019,0.740534,-2.702248,-1.017056,-0.192119,-1.477508,-1.608555,-1.459731,-38.131874,28.906768,0.306845
720549864465188855!,talented-steel-butterfly,0.500000,-0.866321,0.746227,-0.661353,1.724996,-0.688369,0.725361,-2.581987,-1.113086,-0.183587,-1.615346,-1.660104,-1.575442,-39.340451,28.500760,1.953879
720549864465188855!,talented-steel-butterfly,0.510000,-0.891550,0.734556,-0.663139,1.708121,-0.705202,0.709006,-2.463616,-1.222568,-0.172587,-1.760073,-1.704715,-1.695570,-39.468474,28.120395,2.864767
720549864465188855!,talented-steel-butterfly,0.520000,-0.915604,0.721731,-0.664798,1.689768,-0.722442,0.691431,-2.347610,-1.342781,-0.157956,-1.910093,-1.740639,-1.818708,-38.440214,27.700226,3.037976
720549864465188855!,talented-steel-butterfly,0.530000,-0.938509,0.707658,-0.666289,1.669893,-0.739995,0.672613,-2.234470,-1.470634,-0.138721,-2.063530,-1.766296,-1.943242,-36.209288,27.169198,2.493529
720549864465188855!,talented-steel-butterfly,0.540000,-0.960298,0.692277,-0.667563,1.648470,-0.757749,0.652546,-2.124720,-1.602747,-0.114152,-2.218274,-1.780359,-2.067390,-32.764344,26.455294,1.273406
720549864465188855!,talented-steel-butterfly,0.550000,-0.981007,0.675562,-0.668564,1.625499,-0.775586,0.631242,-2.018907,-1.735554,-0.083795,-2.372030,-1.781815,-2.189255,-28.133987,25.491141,-0.559057
720549864465188855!,talented-steel-butterfly,0.560000,-1.000680,0.657527,-0.669233,1.601001,-0.793373,0.608736,-1.917582,-1.865430,-0.047491,-2.522401,-1.770029,-2.306899,-22.390325,24.220124,-2.920813
720549864465188855!,talented-steel-butterfly,0.570000,-1.019366,0.638219,-0.669512,1.575023,-0.810976,0.585079,-1.821287,-1.988826,-0.005379,-2.666986,-1.744774,-2.418424,-15.650443,22.602347,-5.711825
720549864465188855!,talented-steel-butterfly,0.580000,-1.037122,0.617722,-0.669345,1.547636,-0.828260,0.560344,-1.730522,-2.102412,0.042122,-2.803485,-1.706255,-2.522065,-8.075118,20.619677,-8.818795
720549864465188855!,talented-steel-butterfly,0.590000,-1.054006,0.596153,-0.668682,1.518934,-0.845094,0.534618,-1.645713,-2.203224,0.094350,-2.929819,-1.655092,-2.616279,0.135738,18.279069,-12.119795
720549864465188855!,talented-steel-butterfly,0.600000,-1.070085,0.573657,-0.667480,1.489031,-0.861354,0.508004,-1.567171,-2.288785,0.150448,-3.044237,-1.592290,-2.699831,8.751127,15.613547,-15.489565
720549864465188855!,talented-steel-butterfly,0.610000,-1.085424,0.550401,-0.665707,1.458056,-0.876930,0.480618,-1.495061,-2.357215,0.209434,-3.145406,-1.519169,-2.771857,17.520269,12.680469,-18.805189
720549864465188855!,talented-steel-butterfly,0.620000,-1.100093,0.526569,-0.663339,1.426151,-0.891724,0.452580,-1.429368,-2.407295,0.270266,-3.232480,-1.437292,-2.831914,26.186412,9.557093,-21.951749
720549864465188855!,talented-steel-butterfly,0.630000,-1.114158,0.502355,-0.660366,1.393463,-0.905656,0.424013,-1.369880,-2.438501,0.331917,-3.305132,-1.348362,-2.879988,34.501934,6.333927,-24.827520
720549864465188855!,talented-steel-butterfly,0.640000,-1.127685,0.477953,-0.656785,1.360139,-0.918664,0.395039,-1.316182,-2.450981,0.393431,-3.363551,-1.254131,-2.916486,42.243208,3.106662,-27.348299
720549864465188855!,talented-steel-butterfly,0.650000,-1.140733,0.453553,-0.652604,1.326325,-0.930704,0.365773,-1.267672,-2.445507,0.453979,-3.408401,-1.156300,-2.942192,49.223593,-0.032218,-29.450480
720549864465188855!,talented-steel-butterfly,0.660000,-1.153344,0.429327,-0.647835,1.292149,-0.941749,0.336317,-1.223622,-2.423331,0.512877,-3.440707,-1.056415,-2.958158,55.301721,-3.000272,-31.092709
720549864465188855!,talented-steel-butterfly,0.670000,-1.165546,0.405423,-0.642493,1.257723,-0.951788,0.306757,-1.183219,-2.386086,0.569599,-3.461782,-0.955816,-2.965653,60.387309,-5.730183,-32.257034
720549864465188855!,talented-steel-butterfly,0.680000,-1.177372,0.381979,-0.636603,1.223150,-0.960822,0.277168,-1.145512,-2.335740,0.623813,-3.473199,-0.855641,-2.966142,64.444648,-8.176472,-32.945607
720549864465188855!,talented-steel-butterfly,0.690000,-1.188844,0.359114,-0.630191,1.188515,-0.968860,0.247610,-1.109510,-2.274413,0.675356,-3.476629,-0.756775,-2.961149,67.487969,-10.316212,-33.178025
720549864465188855!,talented-steel-butterfly,0.700000,-1.199974,0.336924,-0.623286,1.153889,-0.975920,0.218128,-1.074225,-2.204243,0.724216,-3.473746,-0.659840,-2.952176,69.574520,-12.147722,-32.988233
720549864465188855!,talented-steel-butterfly,0.710000,-1.210767,0.315488,-0.615916,1.119324,-0.982025,0.188752,-1.038721,-2.127282,0.770496,-3.466129,-0.565211,-2.940631,70.795155,-13.687473,-32.420884
720549864465188855!,talented-steel-butterfly,0.720000,-1.221217,0.294862,-0.608108,1.084861,-0.987198,0.159501,-1.002142,-2.045406,0.814390,-3.455198,-0.473039,-2.927781,71.263720,-14.965877,-31.527561
720549864465188855!,talented-steel-butterfly,0.730000,-1.231314,0.275087,-0.599887,1.050523,-0.991464,0.130378,-0.963737,-1.960255,0.856144,-3.442161,-0.383284,-2.914709,71.106517,-16.022628,-30.363221
720549864465188855!,talented-steel-butterfly,0.740000,-1.241025,0.256177,-0.591268,1.016319,-0.994848,0.101375,-0.922923,-1.873156,0.896015,-3.427955,-0.295741,-2.902274,70.450798,-16.900333,-28.983734
720549864465188855!,talented-steel-butterfly,0.750000,-1.250300,0.238119,-0.582257,0.982242,-0.997370,0.072472,-0.879313,-1.785102,0.934238,-3.413232,-0.210077,-2.891100,69.416009,-17.639918,-27.443345
720549864465188855!,talented-steel-butterfly,0.760000,-1.259107,0.220918,-0.572868,0.948295,-0.999047,0.043656,-0.832480,-1.696919,0.971093,-3.398487,-0.125922,-2.881680,68.116770,-18.285515,-25.790587
720549864465188855!,talented-steel-butterfly,0.770000,-1.267411,0.204572,-0.563112,0.914476,-0.999889,0.014906,-0.782091,-1.609183,1.006835,-3.383985,-0.042849,-2.874322,66.653931,-18.876911,-24.069548
720549864465188855!,talented-steel-butterfly,0.780000,-1.275175,0.189075,-0.552998,0.880783,-0.999905,-0.013797,-0.727893,-1.522250,1.041691,-3.369782,0.039591,-2.869162,65.112818,-19.448370,-22.319457
720549864465188855!,talented-steel-butterfly,0.790000,-1.282363,0.174421,-0.542535,0.847217,-0.999098,-0.042474,-0.669702,-1.436290,1.075848,-3.355751,0.121848,-2.866188,63.563036,-20.028216,-20.574796
720549864465188855!,talented-steel-butterfly,0.800000,-1.288934,0.160602,-0.531729,0.813780,-0.997466,-0.071143,-0.607390,-1.351331,1.109453,-3.341602,0.204361,-2.865251,62.059383,-20.638965,-18.865798
720549864465188855!,talented-steel-butterfly,0.810000,-1.294850,0.147613,-0.520587,0.780477,-0.995005,-0.099822,-0.540878,-1.267289,1.142602,-3.326903,0.287535,-2.866083,60.643501,-21.297835,-17.219198
720549864465188855!,talented-steel-butterfly,0.820000,-1.300072,0.135448,-0.509115,0.747320,-0.991706,-0.128526,-0.470140,-1.184006,1.175345,-3.311097,0.371735,-2.868308,59.345866,-22.017430,-15.659112
720549864465188855!,talented-steel-butterfly,0.830000,-1.304561,0.124103,-0.497319,0.714324,-0.987556,-0.157265,-0.395207,-1.101281,1.207669,-3.293526,0.457269,-2.871453,58.187833,-22.806460,-14.207936
720549864465188855!,talented-steel-butterfly,0.840000,-1.308249,0.113562,-0.485183,0.681508,-0.982543,-0.186036,-0.316341,-1.018844,1.239436,-3.273468,0.544352,-2.874980,57.176431,-23.664578,-12.887132
720549864465188855!,talented-steel-butterfly,0.850000,-1.311100,0.103827,-0.472714,0.648904,-0.976650,-0.214837,-0.233701,-0.936507,1.270504,-3.250132,0.633143,-2.878275,56.321018,-24.595358,-11.717482
720549864465188855!,talented-steel-butterfly,0.860000,-1.313083,0.094903,-0.459922,0.616550,-0.969860,-0.243661,-0.147552,-0.854115,1.300647,-3.222663,0.723715,-2.880654,55.626115,-25.599632,-10.720123
720549864465188855!,talented-steel-butterfly,0.870000,-1.314170,0.086793,-0.446821,0.584493,-0.962157,-0.272495,-0.058286,-0.771562,1.329550,-3.190162,0.816039,-2.881371,55.091978,-26.675451,-9.916792
720549864465188855!,talented-steel-butterfly,0.880000,-1.314335,0.079503,-0.433426,0.552789,-0.953524,-0.301318,0.033552,-0.688814,1.356790,-3.151707,0.909974,-2.879624,54.714822,-27.817872,-9.329802
720549864465188855!,talented-steel-butterfly,0.890000,-1.313560,0.073036,-0.419760,0.521502,-0.943945,-0.330102,0.127234,-0.605928,1.381837,-3.106373,1.005254,-2.874577,54.486613,-29.018537,-8.981674
720549864465188855!,talented-steel-butterfly,0.900000,-1.311834,0.067395,-0.405849,0.490706,-0.933410,-0.358812,0.221832,-0.523064,1.404041,-3.053269,1.101478,-2.865374,54.394548,-30.265119,-8.894412
720549864465188855!,talented-steel-butterfly,0.910000,-1.309155,0.062579,-0.391728,0.460482,-0.921911,-0.387402,0.316197,-0.440502,1.422634,-2.991565,1.198105,-2.851166,54.420348,-31.540744,-9.088364
720549864465188855!,talented-steel-butterfly,0.920000,-1.305535,0.058583,-0.377438,0.430920,-0.909448,-0.415818,0.408953,-0.358656,1.436735,-2.920536,1.294455,-2.831141,54.539532,-32.823515,-9.580678
720549864465188855!,talented-steel-butterfly,0.930000,-1.300999,0.055399,-0.363030,0.402117,-0.896027,-0.444000,0.498499,-0.278073,1.445362,-2.839605,1.389716,-2.804552,54.720867,-34.086305,-10.383376
720549864465188855!,talented-steel-butterfly,0.940000,-1.295590,0.053012,-0.348566,0.374174,-0.881663,-0.471880,0.583033,-0.199443,1.447454,-2.748392,1.482955,-2.770760,54.926208,-35.296957,-11.501135
720549864465188855!,talented-steel-butterfly,0.950000,-1.289369,0.051397,-0.334119,0.347196,-0.866381,-0.499383,0.660592,-0.123591,1.441906,-2.646754,1.573155,-2.729272,55.111246,-36.419221,-12.929005
720549864465188855!,talented-steel-butterfly,0.960000,-1.282417,0.050522,-0.319772,0.321288,-0.850218,-0.526431,0.729108,-0.051463,1.427611,-2.534833,1.659238,-2.679769,55.226399,-37.414001,-14.650058
720549864465188855!,talented-steel-butterfly,0.970000,-1.274838,0.050346,-0.305620,0.296550,-0.833219,-0.552943,0.786494,0.015895,1.403514,-2.413088,1.740112,-2.622140,55.218359,-38.241102,-16.633387
720549864465188855!,talented-steel-butterfly,0.980000,-1.266753,0.050813,-0.291768,0.273080,-0.815443,-0.578838,0.830735,0.077371,1.368672,-2.282317,1.814723,-2.556505,55.032748,-38.861702,-18.832888
720549864465188855!,talented-steel-butterfly,0.990000,-1.258308,0.051859,-0.278329,0.250964,-0.796956,-0.604037,0.860001,0.131820,1.322317,-2.143669,1.882114,-2.483231,54.617523,-39.241239,-21.187119
720549864465188855!,talented-steel-butterfly,1.000000,-1.249660,0.053408,-0.265425,0.230275,-0.777838,-0.628465,0.872761,0.178115,1.263921,-1.998625,1.941474,-2.402924,53.926626,-39.352252,-23.620448
720549864465188855!,talented-steel-butterfly,1.010000,-1.240985,0.055369,-0.253181,0.211070,-0.758172,-0.652055,0.867890,0.215196,1.193250,-1.848971,1.992197,-2.316413,52.923640,-39.176916,-26.045699
720549864465188855!,talented-steel-butterfly,1.020000,-1.232466,0.057645,-0.241722,0.193388,-0.738048,-0.674748,0.844763,0.242121,1.110408,-1.696739,2.033914,-2.224721,51.585038,-38.708918,-28.368215
720549864465188855!,talented-steel-butterfly,1.030000,-1.224290,0.060128,-0.231172,0.177246,-0.717559,-0.696498,0.803323,0.258118,1.015862,-1.544142,2.066526,-2.129014,49.902633,-37.954406,-30.491118
720549864465188855!,talented-steel-butterfly,1.040000,-1.216644,0.062702,-0.221651,0.162638,-0.696797,-0.717269,0.744109,0.262632,0.910447,-1.393484,2.090207,-2.030549,47.884894,-36.931856,-32.321250
720549864465188855!,talented-steel-butterfly,1.050000,-1.209707,0.065248,-0.213265,0.149536,-0.675851,-0.737038,0.668257,0.255357,0.795347,-1.247073,2.105401,-1.930617,45.556952,-35.670852,-33.775214
720549864465188855!,talented-steel-butterfly,1.060000,-1.203594,0.067661,-0.206061,0.137858,-0.654792,-0.755809,0.577498,0.236186,0.672018,-1.106990,2.112864,-1.830473,42.970779,-34.216470,-34.792997
720549864465188855!,talented-steel-butterfly,1.070000,-1.198427,0.069831,-0.200092,0.127518,-0.633687,-0.773590,0.473965,0.205325,0.542179,-0.975183,2.113485,-1.731262,40.183009,-32.615109,-35.329637
720549864465188855!,talented-steel-butterfly,1.080000,-1.194324,0.071643,-0.195420,0.118430,-0.612598,-0.790395,0.360114,0.163297,0.407735,-0.853417,2.108250,-1.634006,37.252725,-30.912409,-35.357254
720549864465188855!,talented-steel-butterfly,1.090000,-1.191380,0.072991,-0.192084,0.110489,-0.591580,-0.806246,0.238649,0.110877,0.270696,-0.743164,2.098236,-1.539573,34.245479,-29.154859,-34.870348
720549864465188855!,talented-steel-butterfly,1.100000,-1.189660,0.073775,-0.190104,0.103576,-0.570676,-0.821175,0.112390,0.049075,0.133100,-0.645562,2.084555,-1.448663,31.229042,-27.386974,-33.884799
720549864465188855!,talented-steel-butterfly,1.110000,-1.189200,0.073905,-0.189480,0.097565,-0.549918,-0.835219,-0.015852,-0.020910,-0.003060,-0.561396,2.068297,-1.361791,28.269406,-25.649009,-32.435326
720549864465188855!,talented-steel-butterfly,1.120000,-1.190010,0.073307,-0.190190,0.092319,-0.529327,-0.848418,-0.143388,-0.097725,-0.135908,-0.491098,2.050484,-1.279295,25.427331,-23.975319,-30.571841
720549864465188855!,talented-steel-butterfly,1.130000,-1.192071,0.071919,-0.192196,0.087703,-0.508915,-0.860817,-0.267754,-0.179914,-0.263731,-0.434763,2.032037,-1.201340,22.755637,-22.393385,-28.355167
720549864465188855!,talented-steel-butterfly,1.140000,-1.195345,0.069692,-0.195442,0.083578,-0.488685,-0.872460,-0.386774,-0.265967,-0.385021,-0.392177,2.013747,-1.127946,20.297352,-20.923472,-25.852609
720549864465188855!,talented-steel-butterfly,1.150000,-1.199771,0.066596,-0.199858,0.079810,-0.468633,-0.883393,-0.498617,-0.354361,-0.498504,-0.362856,1.996265,-1.059003,18.084716,-19.578804,-23.133784
720549864465188855!,talented-steel-butterfly,1.160000,-1.205272,0.062612,-0.205365,0.076272,-0.448749,-0.893658,-0.601812,-0.443605,-0.603144,-0.346090,1.980092,-0.994300,16.139568,-18.366484,-20.267208
720549864465188855!,talented-steel-butterfly,1.170000,-1.211757,0.057738,-0.211871,0.072843,-0.429019,-0.903295,-0.695267,-0.532276,-0.698157,-0.340987,1.965588,-0.933553,14.472145,-17.287396,-17.316934
720549864465188855!,talented-steel-butterfly,1.180000,-1.219129,0.051982,-0.219281,0.069413,-0.409426,-0.912343,-0.778238,-0.619047,-0.782989,-0.346525,1.952977,-0.876424,13.083819,-16.338220,-14.341027
720549864465188855!,talented-steel-butterfly,1.190000,-1.227283,0.045370,-0.227493,0.065880,-0.389951,-0.920835,-0.850320,-0.702713,-0.857318,-0.361589,1.942365,-0.822544,11.966418,-15.511340,-11.389629
720549864465188855!,talented-steel-butterfly,1.200000,-1.236113,0.037934,-0.236407,0.062157,-0.370577,-0.928802,-0.911404,-0.782207,-0.921027,-0.385015,1.933752,-0.771536,11.104584,-14.796358,-8.504629
720549864465188855!,talented-steel-butterfly,1.210000,-1.245491,0.029735,-0.245895,0.058160,-0.351276,-0.936272,-0.961553,-0.856673,-0.974095,-0.415584,1.927123,-0.723028,10.490842,-14.189203,-5.726157
720549864465188855!,talented-steel-butterfly,1.220000,-1.255311,0.020824,-0.255856,0.053825,-0.332029,-0.943269,-1.001121,-0.925338,-1.016746,-0.452124,1.922327,-0.676656,10.100231,-13.676838,-3.080103
720549864465188855!,talented-steel-butterfly,1.230000,-1.265473,0.011261,-0.266189,0.049100,-0.312821,-0.949812,-1.030623,-0.987590,-1.049332,-0.493501,1.919169,-0.632080,9.906427,-13.246680,-0.585749
720549864465188855!,talented-steel-butterfly,1.240000,-1.275881,0.001109,-0.276799,0.043941,-0.293638,-0.955917,-1.050694,-1.042974,-1.072315,-0.538641,1.917418,-0.588991,9.882590,-12.886900,1.743543
720549864465188855!,talented-steel-butterfly,1.250000,-1.286446,-0.009560,-0.287593,0.038317,-0.274466,-0.961597,-1.062057,-1.091187,-1.086246,-0.586540,1.916827,-0.547114,10.002115,-12.586660,3.899557
720549864465188855!,talented-steel-butterfly,1.260000,-1.297085,-0.020676,-0.298484,0.032204,-0.255295,-0.966863,-1.065494,-1.132062,-1.091747,-0.636282,1.917134,-0.506209,10.239345,-12.336304,5.878389
720549864465188855!,talented-steel-butterfly,1.270000,-1.307723,-0.032163,-0.309392,0.025587,-0.236118,-0.971724,-1.061815,-1.165562,-1.089496,-0.687041,1.918074,-0.466070,10.569925,-12.127340,7.679740
720549864465188855!,talented-steel-butterfly,1.280000,-1.318292,-0.043948,-0.320242,0.018462,-0.216930,-0.976187,-1.051840,-1.191770,-1.080209,-0.738090,1.919386,-0.426529,10.971106,-11.952381,9.306247
720549864465188855!,talented-steel-butterfly,1.290000,-1.328734,-0.055957,-0.330967,0.010827,-0.197729,-0.980257,-1.036376,-1.210870,-1.064627,-0.788802,1.920815,-0.387450,11.422153,-11.805187,10.762806
720549864465188855!,talented-steel-butterfly,1.300000,-1.338997,-0.068119,-0.341507,0.002690,-0.178514,-0.983937,-1.016207,-1.223139,-1.043501,-0.838654,1.922116,-0.348726,11.904484,-11.680551,12.056047
720549864465188855!,talented-steel-butterfly,1.310000,-1.349038,-0.080366,-0.351811,-0.005940,-0.159288,-0.987232,-0.992079,-1.228934,-1.017582,-0.887217,1.923059,-0.310282,12.401730,-11.574181,13.193898
720549864465188855!,talented-steel-butterfly,1.320000,-1.358820,-0.092633,-0.361835,-0.015046,-0.140057,-0.990143,-0.964689,-1.228677,-0.987609,-0.934162,1.923427,-0.272071,12.899749,-11.482563,14.185225
720549864465188855!,talented-steel-butterfly,1.330000,-1.368315,-0.104873,-0.371541,-0.024613,-0.120825,-0.992674,-0.934618,-1.222810,-0.954229,-0.979247,1.923047,-0.234067,13.392432,-11.405939,15.036284
720549864465188855!,talented-steel-butterfly,1.340000,-1.377499,-0.117035,-0.380901,-0.034621,-0.101601,-0.994825,-0.902457,-1.211831,-0.918129,-1.022311,1.921730,-0.196265,13.869410,-11.341619,15.756992
720549864465188855!,talented-steel-butterfly,1.350000,-1.386354,-0.129070,-0.389890,-0.045050,-0.082395,-0.996600,-0.868760,-1.196280,-0.879975,-1.063272,1.919300,-0.158681,14.320694,-11.286491,16.358461
720549864465188855!,talented-steel-butterfly,1.360000,-1.394868,-0.140932,-0.398492,-0.055878,-0.063220,-0.998000,-0.834012,-1.176716,-0.840380,-1.102114,1.915598,-0.121347,14.739083,-11.238264,16.851476
720549864465188855!,talented-steel-butterfly,1.370000,-1.403032,-0.152585,-0.406693,-0.067084,-0.044089,-0.999028,-0.798630,-1.153707,-0.799902,-1.138884,1.910488,-0.084314,15.119694,-11.195202,17.246499
720549864465188855!,talented-steel-butterfly,1.380000,-1.410840,-0.163993,-0.414488,-0.078649,-0.025016,-0.999687,-0.762972,-1.127817,-0.759043,-1.173678,1.903851,-0.047642,15.459659,-11.156010,17.553629
720549864465188855!,talented-steel-butterfly,1.390000,-1.418292,-0.175131,-0.421875,-0.090552,-0.006019,-0.999982,-0.727330,-1.099598,-0.718244,-1.206636,1.895581,-0.011409,15.757760,-11.119571,17.782570
720549864465188855!,talented-steel-butterfly,1.400000,-1.425388,-0.185976,-0.428856,-0.102776,0.012888,-0.999917,-0.691944,-1.069583,-0.677889,-1.237930,1.885594,0.024303,16.014378,-11.085102,17.942513
720549864465188855!,talented-steel-butterfly,1.410000,-1.432133,-0.196511,-0.435436,-0.115305,0.031685,-0.999498,-0.656999,-1.038276,-0.638302,-1.267756,1.873817,0.059402,16.231166,-11.051937,18.042104
720549864465188855!,talented-steel-butterfly,1.420000,-1.438532,-0.206724,-0.441626,-0.128125,0.050354,-0.998731,-0.622628,-1.006148,-0.599750,-1.296326,1.860192,0.093788,16.410919,-11.019551,18.089346
720549864465188855!,talented-steel-butterfly,1.430000,-1.444591,-0.216607,-0.447436,-0.141225,0.068877,-0.997625,-0.588921,-0.973633,-0.562445,-1.323863,1.844673,0.127357,16.557396,-10.987539,18.091532
720549864465188855!,talented-steel-butterfly,1.440000,-1.450317,-0.226158,-0.452881,-0.154596,0.087232,-0.996188,-0.555926,-0.941121,-0.526548,-1.350592,1.827225,0.160003,16.675157,-10.955591,18.055178
720549864465188855!,talented-steel-butterfly,1.450000,-1.455720,-0.235378,-0.457977,-0.168230,0.105401,-0.994430,-0.523654,-0.908963,-0.492173,-1.376733,1.807826,0.191614,16.769395,-10.923467,17.985958
720549864465188855!,talented-steel-butterfly,1.460000,-1.460806,-0.244269,-0.462739,-0.182123,0.123362,-0.992362,-0.492084,-0.877461,-0.459392,-1.402501,1.786461,0.222078,16.845788,-10.890972,17.888658
720549864465188855!,talented-steel-butterfly,1.470000,-1.465584,-0.252838,-0.467185,-0.196273,0.141095,-0.989996,-0.461169,-0.846876,-0.428239,-1.428096,1.763122,0.251281,16.910354,-10.857918,17.767134
720549864465188855!,talented-steel-butterfly,1.480000,-1.470061,-0.261096,-0.471333,-0.210679,0.158578,-0.987346,-0.430836,-0.817426,-0.398716,-1.453703,1.737809,0.279110,16.969314,-10.824087,17.624284
720549864465188855!,talented-steel-butterfly,1.490000,-1.474245,-0.269052,-0.475201,-0.225342,0.175790,-0.984428,-0.400997,-0.789286,-0.370800,-1.479492,1.710527,0.305450,17.028966,-10.789185,17.462036
720549864465188855!,talented-steel-butterfly,1.500000,-1.478141,-0.276721,-0.478806,-0.240266,0.192710,-0.981256,-0.371548,-0.762595,-0.344443,-1.505609,1.681282,0.330190,17.095575,-10.752791,17.281344
720549864465188855!,talented-steel-butterfly,1.510000,-1.481756,-0.284117,-0.482166,-0.255455,0.209317,-0.977848,-0.342373,-0.737455,-0.319586,-1.532180,1.650087,0.353215,17.175265,-10.714300,17.082205
720549864465188855!,talented-steel-butterfly,1.520000,-1.485092,-0.291255,-0.485299,-0.270916,0.225588,-0.974223,-0.313352,-0.713936,-0.296154,-1.559310,1.616954,0.374416,17.273932,-10.672858,16.863682
720549864465188855!,talented-steel-butterfly,1.530000,-1.488145,-0.298167,-0.488212,-0.286655,0.241511,-0.970398,-0.284319,-0.692022,-0.274015,-1.587042,1.581931,0.393708,17.400362,-10.629046,16.620575
720549864465188855!,talented-steel-butterfly,1.540000,-1.490913,-0.304871,-0.490916,-0.302677,0.257069,-0.966393,-0.255160,-0.671723,-0.253089,-1.615425,1.545032,0.410991,17.559277,-10.581193,16.350340
720549864465188855!,talented-steel-butterfly,1.550000,-1.493395,-0.311382,-0.493424,-0.318990,0.272241,-0.962229,-0.225776,-0.653045,-0.233319,-1.644503,1.506257,0.426162,17.754071,-10.526719,16.050686
720549864465188855!,talented-steel-butterfly,1.560000,-1.495590,-0.317715,-0.495750,-0.335601,0.287008,-0.957928,-0.196071,-0.635977,-0.214645,-1.674291,1.465608,0.439115,17.987955,-10.462700,15.718373
720549864465188855!,talented-steel-butterfly,1.570000,-1.497494,-0.323886,-0.497904,-0.352518,0.301348,-0.953514,-0.165956,-0.620489,-0.197016,-1.704785,1.423082,0.449750,18.263847,-10.385770,15.349316
720549864465188855!,talented-steel-butterfly,1.580000,-1.499106,-0.329907,-0.499900,-0.369749,0.315241,-0.949012,-0.135351,-0.606541,-0.180384,-1.735954,1.378680,0.457967,18.584281,-10.292031,14.938675
720549864465188855!,talented-steel-butterfly,1.590000,-1.500421,-0.335795,-0.501749,-0.387300,0.328666,-0.944446,-0.104188,-0.594080,-0.164718,-1.767744,1.332397,0.463672,18.951327,-10.176984,14.480940
720549864465188855!,talented-steel-butterfly,1.600000,-1.501436,-0.341563,-0.503462,-0.405178,0.341601,-0.939845,-0.072419,-0.583045,-0.149997,-1.800076,1.284228,0.466772,19.366541,-10.035468,13.970012
720549864465188855!,talented-steel-butterfly,1.610000,-1.502146,-0.347224,-0.505051,-0.423388,0.354025,-0.935236,-0.040014,-0.573367,-0.136220,-1.832846,1.234166,0.467182,19.830909,-9.861616,13.399281
720549864465188855!,talented-steel-butterfly,1.620000,-1.502531,-0.352802,-0.506511,-0.441929,0.365935,-0.930641,-0.006950,-0.564903,-0.123365,-1.865879,1.182231,0.464862,20.346294,-9.650115,12.758491
720549864465188855!,talented-steel-butterfly,1.630000,-1.502568,-0.358319,-0.507832,-0.460797,0.377330,-0.926079,0.026749,-0.557519,-0.111449,-1.898986,1.128426,0.459776,20.912668,-9.394457,12.038604
720549864465188855!,talented-steel-butterfly,1.640000,-1.502255,-0.363781,-0.509031,-0.479992,0.388187,-0.921581,0.060996,-0.551169,-0.100569,-1.932019,1.072709,0.451845,21.527230,-9.085787,11.235075
720549864465188855!,talented-steel-butterfly,1.650000,-1.501592,-0.369193,-0.510120,-0.499515,0.398483,-0.917176,0.095683,-0.545788,-0.090835,-1.964794,1.015047,0.441005,22.187219,-8.714979,10.342211
720549864465188855!,talented-steel-butterfly,1.660000,-1.500578,-0.374563,-0.511116,-0.519361,0.408194,-0.912895,0.130674,-0.541299,-0.082369,-1.997097,0.955416,0.427206,22.889643,-8.272601,9.353565
720549864465188855!,talented-steel-butterfly,1.670000,-1.499214,-0.379896,-0.512037,-0.539527,0.417295,-0.908771,0.165797,-0.537610,-0.075315,-2.028682,0.893794,0.410418,23.631092,-7.748973,8.262305
720549864465188855!,talented-steel-butterfly,1.680000,-1.497489,-0.385204,-0.512884,-0.559998,0.425782,-0.904826,0.200845,-0.534576,-0.069825,-2.059251,0.830170,0.390651,24.407737,-7.134883,7.060110
720549864465188855!,talented-steel-butterfly,1.690000,-1.495397,-0.390497,-0.513664,-0.580761,0.433644,-0.901084,0.235552,-0.532061,-0.066091,-2.088494,0.764523,0.367925,25.214547,-6.420872,5.740337
720549864465188855!,talented-steel-butterfly,1.700000,-1.492944,-0.395776,-0.514397,-0.601802,0.440861,-0.897575,0.269607,-0.529963,-0.064344,-2.116107,0.696834,0.342263,26.045581,-5.597256,4.298811
720549864465188855!,talented-steel-butterfly,1.710000,-1.490140,-0.401043,-0.515107,-0.623104,0.447408,-0.894330,0.302658,-0.528167,-0.064834,-2.141763,0.627092,0.313717,26.894406,-4.655149,2.732025
720549864465188855!,talented-steel-butterfly,1.720000,-1.487001,-0.406299,-0.515821,-0.644647,0.453264,-0.891376,0.334311,-0.526541,-0.067830,-2.165118,0.555301,0.282370,27.754027,-3.586838,1.037700
720549864465188855!,talented-steel-butterfly,1.730000,-1.483543,-0.411544,-0.516566,-0.666407,0.458404,-0.888744,0.364132,-0.524943,-0.073619,-2.185818,0.481477,0.248341,28.616876,-2.386237,-0.784653
720549864465188855!,talented-steel-butterfly,1.740000,-1.479789,-0.416776,-0.517373,-0.688357,0.462808,-0.886458,0.391657,-0.523222,-0.082497,-2.203506,0.405649,0.211784,29.474825,-1.049397,-2.733176
720549864465188855!,talented-steel-butterfly,1.750000,-1.475766,-0.421992,-0.518278,-0.710465,0.466454,-0.884546,0.416391,-0.521214,-0.094768,-2.217830,0.327862,0.172894,30.319257,0.424958,-4.803114
720549864465188855!,talented-steel-butterfly,1.760000,-1.471505,-0.427188,-0.519316,-0.732698,0.469320,-0.883028,0.437823,-0.518750,-0.110733,-2.228449,0.248179,0.131905,31.141156,2.034890,-6.986305
720549864465188855!,talented-steel-butterfly,1.770000,-1.467044,-0.432358,-0.520528,-0.755016,0.471386,-0.881927,0.455442,-0.515654,-0.130681,-2.235045,0.166683,0.089091,31.931230,3.774743,-9.270736
720549864465188855!,talented-steel-butterfly,1.780000,-1.462425,-0.437495,-0.521957,-0.777378,0.472633,-0.881260,0.468743,-0.511747,-0.154879,-2.237326,0.083478,0.044770,32.680057,5.634723,-11.640201
720549864465188855!,talented-steel-butterfly,1.790000,-1.457693,-0.442588,-0.523648,-0.799741,0.473042,-0.881040,0.477253,-0.506848,-0.183561,-2.235044,-0.001309,-0.000703,33.378258,7.600589,-14.074106
720549864465188855!,talented-steel-butterfly,1.800000,-1.452902,-0.447626,-0.525647,-0.822057,0.472598,-0.881278,0.480544,-0.500778,-0.216915,-2.227990,-0.087523,-0.046936,34.016647,9.653494,-16.547435
720549864465188855!,talented-steel-butterfly,1.810000,-1.448106,-0.452597,-0.528005,-0.844278,0.471284,-0.881981,0.478254,-0.493363,-0.255067,-2.216015,-0.174984,-0.093502,34.586483,11.770130,-19.031038
720549864465188855!,talented-steel-butterfly,1.820000,-1.443365,-0.457486,-0.530771,-0.866354,0.469088,-0.883151,0.470107,-0.484440,-0.298075,-2.199024,-0.263482,-0.139949,35.079599,13.922962,-21.492041
720549864465188855!,talented-steel-butterfly,1.830000,-1.438739,-0.462276,-0.533996,-0.888233,0.465998,-0.884786,0.455926,-0.473857,-0.345916,-2.176989,-0.352780,-0.185802,35.488640,16.080895,-23.894638
720549864465188855!,talented-steel-butterfly,1.840000,-1.434292,-0.466949,-0.537729,-0.909864,0.462007,-0.886876,0.435651,-0.461482,-0.398475,-2.149949,-0.442610,-0.230572,35.807213,18.210077,-26.201056
720549864465188855!,talented-steel-butterfly,1.850000,-1.430087,-0.471487,-0.542019,-0.931198,0.457108,-0.889411,0.409347,-0.447208,-0.455547,-2.118009,-0.532679,-0.273767,36.030052,20.274948,-28.372783
720549864465188855!,talented-steel-butterfly,1.860000,-1.426186,-0.475869,-0.546911,-0.952184,0.451299,-0.892373,0.377211,-0.430953,-0.516826,-2.081341,-0.622669,-0.314902,36.153171,22.239479,-30.371948
720549864465188855!,talented-steel-butterfly,1.870000,-1.422647,-0.480074,-0.552448,-0.972775,0.444580,-0.895739,0.339574,-0.412669,-0.581915,-2.040182,-0.712237,-0.353503,36.173980,24.068516,-32.162811
720549864465188855!,talented-steel-butterfly,1.880000,-1.419527,-0.484081,-0.558669,-0.992926,0.436955,-0.899483,0.296892,-0.392343,-0.650323,-1.994827,-0.801024,-0.389125,36.091398,25.729154,-33.713239
720549864465188855!,talented-steel-butterfly,1.890000,-1.416877,-0.487867,-0.565607,-1.012595,0.428432,-0.903574,0.249741,-0.370003,-0.721481,-1.945626,-0.888655,-0.421358,35.905916,27.192054,-34.996107
720549864465188855!,talented-steel-butterfly,1.900000,-1.414743,-0.491413,-0.573290,-1.031743,0.419022,-0.907976,0.198803,-0.345717,-0.794751,-1.892974,-0.974747,-0.449835,35.619654,28.432622,-35.990505
720549864465188855!,talented-steel-butterfly,1.910000,-1.413163,-0.494697,-0.581739,-1.050334,0.408738,-0.912652,0.144840,-0.319596,-0.869438,-1.837304,-1.058913,-0.474242,35.236367,29.431963,-36.682679
720549864465188855!,talented-steel-butterfly,1.920000,-1.412169,-0.497699,-0.590969,-1.068339,0.397599,-0.917559,0.088679,-0.291793,-0.944815,-1.779079,-1.140771,-0.494321,34.761420,30.177570,-37.066654
720549864465188855!,talented-steel-butterfly,1.930000,-1.411783,-0.500402,-0.600988,-1.085731,0.385626,-0.922655,0.031187,-0.262502,-1.020130,-1.718781,-1.219948,-0.509880,34.201736,30.663697,-37.144497
720549864465188855!,talented-steel-butterfly,1.940000,-1.411987,-0.502801,-0.611765,-1.102505,0.372871,-0.927883,-0.026885,-0.231933,-1.094741,-1.656840,-1.296199,-0.520879,33.563779,30.892268,-36.923544
720549864465188855!,talented-steel-butterfly,1.950000,-1.412763,-0.504891,-0.623273,-1.118654,0.359379,-0.933192,-0.084770,-0.200325,-1.168004,-1.593700,-1.369269,-0.527315,32.855786,30.870736,-36.418870
720549864465188855!,talented-steel-butterfly,1.960000,-1.414104,-0.506664,-0.635494,-1.134171,0.345183,-0.938536,-0.141674,-0.167945,-1.239261,-1.529827,-1.438876,-0.529202,32.088046,30.611719,-35.653285
720549864465188855!,talented-steel-butterfly,1.970000,-1.415996,-0.508113,-0.648404,-1.149052,0.330319,-0.943869,-0.196860,-0.135081,-1.307906,-1.465674,-1.504774,-0.526615,31.271755,30.132908,-34.654919
720549864465188855!,talented-steel-butterfly,1.980000,-1.418416,-0.509236,-0.661975,-1.163297,0.314827,-0.949149,-0.249661,-0.102036,-1.373398,-1.401673,-1.566760,-0.519684,30.418792,29.456200,-33.456122
720549864465188855!,talented-steel-butterfly,1.990000,-1.421339,-0.510034,-0.676170,-1.176911,0.298745,-0.954333,-0.299494,-0.069115,-1.435264,-1.338226,-1.624674,-0.508588,29.541460,28.606725,-32.092273
720549864465188855!,talented-steel-butterfly,2.000000,-1.424731,-0.510510,-0.690954,-1.189900,0.282114,-0.959381,-0.345869,-0.036622,-1.493112,-1.275706,-1.678404,-0.493549,,,
