ID,System,t,X,Y,X1,Y1,X2,Y2,dX,dY,dX1,dY1,dX2,dY2,U1,U2,U3,U4,U5,U6
323506900380297164!,thoughtful-antique-butterfly,0.000000,1.547051,-1.978286,0.013421,-0.694550,0.366303,-0.340327,0.000000,0.000000,0.000000,0.000000,0.000000,0.000000,71.381722,-165.913587,131.462129,3.857645,104.910576,-281.507888
323506900380297164!,thoughtful-antique-butterfly,0.010000,1.552113,-1.969658,0.012576,-0.693012,0.366637,-0.339967,1.008473,1.725584,-0.167798,0.307092,0.066694,0.071926,53.584741,-82.324388,58.781763,-8.423468,45.141212,-161.245983
323506900380297164!,thoughtful-antique-butterfly,0.020000,1.563832,-1.947776,0.009914,-0.688673,0.367422,-0.339118,1.331484,2.651292,-0.362637,0.560498,0.090024,0.097538,45.386159,-45.380426,26.776661,-13.661824,18.850875,-107.699136
323506900380297164!,thoughtful-antique-butterfly,0.030000,1.577261,-1.918401,0.005285,-0.681918,0.368336,-0.338125,1.353022,3.222193,-0.560092,0.789997,0.092539,0.100807,41.333581,-28.801207,12.712338,-15.831369,7.374231,-83.104250
323506900380297164!,thoughtful-antique-butterfly,0.040000,1.590253,-1.884130,-0.001275,-0.672916,0.369221,-0.337159,1.247010,3.628979,-0.746769,1.009163,0.084206,0.092213,39.112676,-21.049569,6.532203,-16.712762,2.435112,-71.012575
323506900380297164!,thoughtful-antique-butterfly,0.050000,1.601921,-1.846192,-0.009619,-0.661736,0.369989,-0.336316,1.091224,3.953828,-0.914807,1.224474,0.069414,0.076363,37.692658,-17.048749,3.786777,-17.077122,0.365477,-64.192333
323506900380297164!,thoughtful-antique-butterfly,0.060000,1.611952,-1.805247,-0.019527,-0.648408,0.370586,-0.335658,0.920956,4.231226,-1.059052,1.438843,0.050106,0.055320,36.594838,-14.566404,2.502377,-17.244130,-0.466226,-59.452596
323506900380297164!,thoughtful-antique-butterfly,0.070000,1.620297,-1.761714,-0.030729,-0.632948,0.370973,-0.335230,0.753093,4.474374,-1.175741,1.653105,0.027164,0.030060,35.587420,-12.631971,1.801887,-17.334148,-0.789985,-55.398018
323506900380297164!,thoughtful-antique-butterfly,0.080000,1.627026,-1.715907,-0.042940,-0.615354,0.371115,-0.335072,0.596657,4.686859,-1.261912,1.866688,0.000963,0.001067,34.553737,-10.843798,1.299409,-17.379493,-0.932743,-51.448734
323506900380297164!,thoughtful-antique-butterfly,0.090000,1.632278,-1.668126,-0.055847,-0.595636,0.370982,-0.335220,0.457365,4.868192,-1.315289,2.077993,-0.028336,-0.031359,33.432373,-9.054254,0.825445,-17.375062,-1.044642,-47.394700
323506900380297164!,thoughtful-antique-butterfly,0.100000,1.636233,-1.618705,-0.069121,-0.573829,0.370538,-0.335711,0.339469,5.016438,-1.334311,2.284645,-0.060682,-0.066977,32.189412,-7.230181,0.305865,-17.300141,-1.198460,-43.196518
323506900380297164!,thoughtful-antique-butterfly,0.110000,1.639128,-1.567975,-0.082413,-0.549987,0.369754,-0.336574,0.246430,5.129382,-1.318070,2.483622,-0.096049,-0.105518,30.806353,-5.392299,-0.288020,-17.128340,-1.429965,-38.896998
323506900380297164!,thoughtful-antique-butterfly,0.120000,1.641224,-1.516298,-0.095368,-0.524205,0.368601,-0.337837,0.181041,5.205225,-1.266472,2.671452,-0.134464,-0.146709,29.271360,-3.584214,-0.965541,-16.830948,-1.759134,-34.573927
323506900380297164!,thoughtful-antique-butterfly,0.130000,1.642806,-1.464056,-0.107637,-0.496612,0.367046,-0.339525,0.145401,5.242888,-1.180235,2.844351,-0.175993,-0.190258,27.574171,-1.856541,-1.728036,-16.378631,-2.198880,-30.313869
323506900380297164!,thoughtful-antique-butterfly,0.140000,1.644180,-1.411634,-0.118881,-0.467378,0.365057,-0.341663,0.140802,5.242138,-1.060919,2.998354,-0.220747,-0.235862,25.702304,-0.258593,-2.574312,-15.741698,-2.759096,-26.197020
323506900380297164!,thoughtful-antique-butterfly,0.150000,1.645656,-1.359416,-0.128779,-0.436714,0.362601,-0.344268,0.167623,5.203600,-0.910931,3.129450,-0.268894,-0.283213,23.638456,1.166079,-3.503181,-14.889962,-3.448391,-22.288292
323506900380297164!,thoughtful-antique-butterfly,0.160000,1.647548,-1.307777,-0.137041,-0.404869,0.359641,-0.347359,0.225244,5.128703,-0.733529,3.233699,-0.320665,-0.332003,21.359213,2.381551,-4.514212,-13.792608,-4.274489,-18.633156
323506900380297164!,thoughtful-antique-butterfly,0.170000,1.650156,-1.257071,-0.143411,-0.372133,0.356140,-0.350948,0.312000,5.019610,-0.532817,3.307358,-0.376363,-0.381930,18.835159,3.359536,-5.607282,-12.418352,-5.243741,-15.257396
323506900380297164!,thoughtful-antique-butterfly,0.180000,1.653760,-1.207626,-0.147682,-0.338832,0.352055,-0.355046,0.425173,4.879136,-0.313737,3.347008,-0.436370,-0.432694,16.032328,4.078174,-6.781331,-10.736054,-6.360051,-12.169822
323506900380297164!,thoughtful-antique-butterfly,0.190000,1.658608,-1.159739,-0.149699,-0.305323,0.347340,-0.359660,0.561014,4.710712,-0.082054,3.349708,-0.501155,-0.483989,12.914810,4.520251,-8.032742,-8.715891,-7.623512,-9.366835
323506900380297164!,thoughtful-antique-butterfly,0.200000,1.664903,-1.113667,-0.149368,-0.271991,0.341944,-0.364793,0.714801,4.518369,0.155682,3.313163,-0.571278,-0.535496,9.448170,4.671467,-9.353740,-6.331059,-9.029059,-6.837683
323506900380297164!,thoughtful-antique-butterfly,0.210000,1.672800,-1.069625,-0.146667,-0.239238,0.335811,-0.370447,0.880927,4.306759,0.392207,3.235920,-0.647391,-0.586861,5.603299,4.519291,-10.731236,-3.559928,-10.565459,-4.569331
323506900380297164!,thoughtful-antique-butterfly,0.220000,1.682390,-1.027773,-0.141648,-0.207479,0.328874,-0.376619,1.053020,4.081205,0.619662,3.117572,-0.730247,-0.637672,1.360290,4.052791,-12.146454,-0.388495,-12.214946,-2.550105
323506900380297164!,thoughtful-antique-butterfly,0.230000,1.693699,-0.988217,-0.134449,-0.177122,0.321063,-0.383300,1.224102,3.847739,0.829778,2.958962,-0.820689,-0.687432,-3.288035,3.263613,-13.575618,3.187057,-13.953717,-0.771613
323506900380297164!,thoughtful-antique-butterfly,0.240000,1.706679,-0.950998,-0.125287,-0.148562,0.312295,-0.390477,1.386779,3.613114,1.014131,2.762357,-0.919651,-0.735516,-8.333229,2.148140,-14.991787,7.157908,-15.753432,0.771260
323506900380297164!,thoughtful-antique-butterfly,0.250000,1.721206,-0.916084,-0.114466,-0.122163,0.302479,-0.398129,1.533463,3.384759,1.164465,2.531576,-1.028134,-0.781126,-13.749147,0.710590,-16.367779,11.500446,-17.583654,2.082136
323506900380297164!,thoughtful-antique-butterfly,0.260000,1.737079,-0.883366,-0.102371,-0.098241,0.291513,-0.406227,1.656616,3.170652,1.273063,2.272034,-1.147182,-0.823232,-19.490754,-1.033280,-17.679836,16.174554,-19.414992,3.166280
323506900380297164!,thoughtful-antique-butterfly,0.270000,1.754027,-0.852656,-0.089456,-0.077047,0.279289,-0.414726,1.749004,2.979057,1.333160,1.990670,-1.277842,-0.860536,-25.493428,-3.053225,-18.910822,21.122446,-21.221872,4.033177
323506900380297164!,thoughtful-antique-butterfly,0.280000,1.771757,-0.823683,-0.076160,-0.058699,0.265733,-0.423540,1.803977,2.817751,1.339275,1.695204,-1.421309,-0.891744,-31.672064,-5.305677,-20.048757,26.268347,-22.981220,4.694574
323506900380297164!,thoughtful-antique-butterfly,0.290000,1.789836,-0.796122,-0.063077,-0.043319,0.250688,-0.432615,1.815838,2.695159,1.287770,1.395397,-1.578200,-0.914524,-37.932244,-7.700102,-21.117090,31.516286,-24.697639,5.215848
323506900380297164!,thoughtful-antique-butterfly,0.300000,1.807796,-0.769552,-0.050808,-0.030910,0.234007,-0.441860,1.779725,2.618260,1.176986,1.101624,-1.748960,-0.926241,-44.153025,-10.147361,-22.134043,36.753068,-26.370305,5.639006
323506900380297164!,thoughtful-antique-butterfly,0.310000,1.825131,-0.743489,-0.039952,-0.021362,0.215545,-0.451155,1.692030,2.592505,1.007528,0.824597,-1.933626,-0.923814,-50.195068,-12.541235,-23.126546,41.847827,-28.003892,6.014699
323506900380297164!,thoughtful-antique-butterfly,0.320000,1.841307,-0.717399,-0.031091,-0.014458,0.195159,-0.460340,1.550658,2.621354,0.782389,0.574943,-2.131626,-0.903695,-55.902689,-14.759461,-24.127896,46.653350,-29.606288,6.403911
323506900380297164!,thoughtful-antique-butterfly,0.330000,1.855775,-0.690726,-0.024768,-0.009875,0.172718,-0.469221,1.355259,2.705809,0.506951,0.362742,-2.341580,-0.861927,-61.105783,-16.669878,-25.171234,51.008816,-31.182920,6.872969
323506900380297164!,thoughtful-antique-butterfly,0.340000,1.868020,-0.662937,-0.021419,-0.007178,0.148129,-0.477554,1.107591,2.844162,0.188783,0.196797,-2.561160,-0.794426,-65.627602,-18.127415,-26.289789,54.743444,-32.736381,7.506222
323506900380297164!,thoughtful-antique-butterfly,0.350000,1.877552,-0.633530,-0.021404,-0.005861,0.121321,-0.485058,0.811562,3.031689,-0.162554,0.084589,-2.786860,-0.697039,-69.286223,-19.001521,-27.498006,57.686104,-34.252211,8.369723
323506900380297164!,thoughtful-antique-butterfly,0.360000,1.883919,-0.602054,-0.024996,-0.005358,0.092258,-0.491415,0.473450,3.260650,-0.535781,0.031978,-3.013883,-0.565823,-71.906299,-19.188595,-28.786772,59.677429,-35.696585,9.502247
323506900380297164!,thoughtful-antique-butterfly,0.370000,1.886745,-0.568147,-0.032350,-0.005054,0.060956,-0.496270,0.102118,3.520660,-0.918350,0.042772,-3.236169,-0.397493,-73.338648,-18.615668,-30.128547,60.584878,-37.022754,10.922792
323506900380297164!,thoughtful-antique-butterfly,0.380000,1.885757,-0.531560,-0.043493,-0.004309,0.027498,-0.499243,-0.291045,3.799223,-1.296964,0.118491,-3.446527,-0.189835,-73.481170,-17.252932,-31.479959,60.322103,-38.176755,12.624504
323506900380297164!,thoughtful-antique-butterfly,0.390000,1.880801,-0.492175,-0.058322,-0.002480,-0.007957,-0.499937,-0.692433,4.082514,-1.658197,0.258222,-3.636934,0.057885,-72.301191,-15.123867,-32.788527,58.868935,-39.107032,14.571458
323506900380297164!,thoughtful-antique-butterfly,0.400000,1.871872,-0.450011,-0.076599,0.001056,-0.045170,-0.497955,-1.086850,4.356399,-1.989182,0.458597,-3.798989,0.344609,-69.854260,-12.310850,-34.001967,56.287577,-39.775838,16.698701
323506900380297164!,thoughtful-antique-butterfly,0.410000,1.859114,-0.405224,-0.097970,0.006875,-0.083818,-0.492924,-1.458445,4.607553,-2.278316,0.713938,-3.924477,0.667328,-66.293290,-8.953757,-35.077892,52.729621,-40.169427,18.916263
323506900380297164!,thoughtful-antique-butterfly,0.420000,1.842829,-0.358095,-0.121970,0.015490,-0.123501,-0.484508,-1.791869,4.824558,-2.515919,1.016560,-4.005976,1.021121,-61.862703,-5.239608,-35.991368,48.429130,-40.303876,21.117622
323506900380297164!,thoughtful-antique-butterfly,0.430000,1.823466,-0.308991,-0.148053,0.027329,-0.163754,-0.472424,-2.073461,4.998575,-2.694628,1.357268,-4.037382,1.399453,-56.876834,-1.391412,-36.733973,43.683755,-40.221474,23.181351
323506900380297164!,thoughtful-antique-butterfly,0.440000,1.801588,-0.258394,-0.175614,0.042722,-0.204050,-0.456469,-2.292493,5.124741,-2.810116,1.725906,-4.014380,1.794505,-51.676804,2.389150,-37.328327,38.804507,-39.993341,25.028172
323506900380297164!,thoughtful-antique-butterfly,0.450000,1.777854,-0.206790,-0.204016,0.061900,-0.243839,-0.436512,-2.441749,5.200903,-2.860518,2.112038,-3.934513,2.197851,-46.593395,5.897884,-37.794076,34.096383,-39.687922,26.566674
323506900380297164!,thoughtful-antique-butterfly,0.460000,1.752972,-0.154690,-0.232614,0.084988,-0.282549,-0.412512,-2.517914,5.228345,-2.846590,2.505467,-3.797197,2.600881,-41.899053,8.992440,-38.160519,29.801546,-39.369937,27.760488
323506900380297164!,thoughtful-antique-butterfly,0.470000,1.727666,-0.102590,-0.260787,0.112016,-0.319611,-0.384511,-2.521407,5.210679,-2.771153,2.896643,-3.603463,2.995247,-37.779986,11.590114,-38.447866,26.079037,-39.080528,28.612025
323506900380297164!,thoughtful-antique-butterfly,0.480000,1.702678,-0.050871,-0.287912,0.142908,-0.354461,-0.352644,-2.455840,5.152704,-2.638460,3.276743,-3.355785,3.373074,-34.327560,13.660996,-38.655739,23.000204,-38.826336,29.150064
323506900380297164!,thoughtful-antique-butterfly,0.490000,1.678689,0.000135,-0.313430,0.177505,-0.386571,-0.317116,-2.327211,5.059513,-2.453784,3.637914,-3.057532,3.727192,-31.544378,15.218046,-38.758499,20.556108,-38.576716,29.420155
323506900380297164!,thoughtful-antique-butterfly,0.500000,1.656283,0.050090,-0.336858,0.215586,-0.415459,-0.278197,-2.143164,4.936083,-2.223120,3.973142,-2.712652,4.051066,-29.359976,16.313056,-38.709071,18.670020,-38.268838,29.488790
323506900380297164!,thoughtful-antique-butterfly,0.510000,1.635965,0.098705,-0.357772,0.256859,-0.440682,-0.236219,-1.912380,4.786606,-1.952886,4.275972,-2.325646,4.338651,-27.657617,17.012421,-38.437891,17.225059,-37.812097,29.423489
323506900380297164!,thoughtful-antique-butterfly,0.520000,1.618153,0.145731,-0.375813,0.300972,-0.461845,-0.191571,-1.644107,4.614277,-1.649863,4.540347,-1.901550,4.584309,-26.299088,17.381413,-37.857229,16.087778,-37.096435,29.283069
323506900380297164!,thoughtful-antique-butterfly,0.530000,1.603175,0.190926,-0.390686,0.347511,-0.478604,-0.144699,-1.347937,4.421193,-1.321293,4.760460,-1.445990,4.782733,-25.148322,17.466727,-36.864982,15.131668,-36.000449,29.103971
323506900380297164!,thoughtful-antique-butterfly,0.540000,1.591255,0.234099,-0.402181,0.396006,-0.490678,-0.096100,-1.033468,4.209144,-0.974849,4.930867,-0.965388,4.929166,-24.075409,17.315554,-35.361566,14.234394,-34.405372,28.927430
323506900380297164!,thoughtful-antique-butterfly,0.550000,1.582530,0.275057,-0.410157,0.445933,-0.497850,-0.046317,-0.710406,3.979085,-0.618878,5.046449,-0.466975,5.019388,-22.982364,16.935711,-33.244188,13.310857,-32.197963,28.752651
323506900380297164!,thoughtful-antique-butterfly,0.560000,1.577035,0.313642,-0.414568,0.496722,-0.499983,0.004072,-0.388231,3.732378,-0.262256,5.102768,0.041132,5.050167,-21.791430,16.335234,-30.429754,12.292425,-29.286301,28.583563
323506900380297164!,thoughtful-antique-butterfly,0.570000,1.574712,0.349684,-0.415455,0.547763,-0.497025,0.054461,-0.076311,3.470532,0.085485,5.096157,0.549994,5.019348,-20.458621,15.498313,-26.854405,11.146180,-25.604758,28.396500
323506900380297164!,thoughtful-antique-butterfly,0.580000,1.575411,0.383035,-0.412959,0.598410,-0.489016,0.104228,0.216415,3.195822,0.414448,5.024090,1.049980,4.926278,-18.966661,14.404023,-22.488297,9.864855,-21.125733,28.158012
323506900380297164!,thoughtful-antique-butterfly,0.590000,1.578893,0.413584,-0.407321,0.648001,-0.476095,0.152753,0.481801,2.911445,0.714777,4.885455,1.531107,4.772094,-17.322918,13.030377,-17.343648,8.465229,-15.867430,27.824665
323506900380297164!,thoughtful-antique-butterfly,0.600000,1.584847,0.441258,-0.398880,0.695870,-0.458503,0.199438,0.712790,2.621551,0.977087,4.680734,1.983435,4.559870,-15.556809,11.357211,-11.480321,6.986242,-9.899232,27.341967
323506900380297164!,thoughtful-antique-butterfly,0.610000,1.592895,0.466032,-0.388063,0.741365,-0.436576,0.243724,0.903781,2.331191,1.193006,4.412097,2.397553,4.294670,-13.715066,9.371254,-5.008837,5.484289,-3.343802,26.647291
323506900380297164!,thoughtful-antique-butterfly,0.620000,1.602651,0.487939,-0.375334,0.783869,-0.410736,0.285124,1.050631,2.045660,1.355484,4.083288,2.765067,3.983231,-11.862955,7.049235,1.920065,4.039561,3.630383,25.646925
323506900380297164!,thoughtful-antique-butterfly,0.630000,1.613672,0.507052,-0.361245,0.822810,-0.381482,0.323220,1.151343,1.771433,1.459637,3.699664,3.079046,3.634064,-10.059699,4.413937,9.101836,2.717997,10.807088,24.288638
323506900380297164!,thoughtful-antique-butterfly,0.640000,1.625479,0.523505,-0.346406,0.857672,-0.349377,0.357681,1.206224,1.515219,1.503252,3.267954,3.334476,3.257071,-8.363154,1.510709,16.298319,1.580922,17.938829,22.536688
323506900380297164!,thoughtful-antique-butterfly,0.650000,1.637613,0.537507,-0.331434,0.888008,-0.315025,0.388278,1.217667,1.283106,1.486933,2.795791,3.528529,2.862831,-6.829341,-1.611988,23.263570,0.688574,24.770419,20.353772
323506900380297164!,thoughtful-antique-butterfly,0.660000,1.649666,0.549335,-0.316908,0.913457,-0.279041,0.414893,1.189709,1.080218,1.413946,2.291296,3.660525,2.461929,-5.505605,-4.905454,29.764621,0.093129,31.060776,17.704507
323506900380297164!,thoughtful-antique-butterfly,0.670000,1.661269,0.559309,-0.303369,0.933735,-0.242043,0.437510,1.127869,0.910918,1.290238,1.762876,3.731975,2.064639,-4.419828,-8.299556,35.589853,-0.179177,36.596818,14.591383
323506900380297164!,thoughtful-antique-butterfly,0.680000,1.672109,0.567775,-0.291291,0.948644,-0.204621,0.456213,1.038766,0.778509,1.124182,1.218837,3.746441,1.680361,-3.579138,-11.708327,40.566965,-0.129746,41.211615,11.056219
323506900380297164!,thoughtful-antique-butterfly,0.690000,1.681962,0.575096,-0.281028,0.958073,-0.167313,0.471175,0.929192,0.684774,0.925729,0.667025,3.708992,1.317053,-2.973617,-15.051836,44.581346,0.221030,44.799322,7.155979
323506900380297164!,thoughtful-antique-butterfly,0.700000,1.690646,0.581673,-0.272863,0.961977,-0.130609,0.482640,0.806323,0.630509,0.706439,0.114807,3.625981,0.981243,-2.573597,-18.238349,47.572383,0.824796,47.315210,2.991073
323506900380297164!,thoughtful-antique-butterfly,0.710000,1.698064,0.587896,-0.266942,0.960387,-0.094937,0.490904,0.675814,0.614657,0.477562,-0.431181,3.504121,0.677666,-2.343299,-21.216501,49.547390,1.634539,48.778909,-1.369799
323506900380297164!,thoughtful-antique-butterfly,0.720000,1.704159,0.594157,-0.263314,0.953393,-0.060649,0.496308,0.543431,0.635948,0.251141,-0.964871,3.350779,0.409465,-2.230477,-23.902847,50.551264,2.571413,49.257989,-5.785389
323506900380297164!,thoughtful-antique-butterfly,0.730000,1.708930,0.600823,-0.261903,0.941145,-0.028029,0.499214,0.413345,0.691806,0.038170,-1.480866,3.173070,0.178155,-2.184817,-26.249621,50.677196,3.564632,48.864174,-10.144294
323506900380297164!,thoughtful-antique-butterfly,0.740000,1.712412,0.608236,-0.262529,0.923842,0.002710,0.499993,0.288538,0.779043,-0.151467,-1.974342,2.977722,-0.016139,-2.158363,-28.222560,50.046220,4.545689,47.736248,-14.337871
323506900380297164!,thoughtful-antique-butterfly,0.750000,1.714665,0.616703,-0.264920,0.901733,0.031418,0.499012,0.170858,0.894030,-0.309331,-2.440982,2.770863,-0.174452,-2.109619,-29.802812,48.795659,5.453995,46.027097,-18.268519
323506900380297164!,thoughtful-antique-butterfly,0.760000,1.715759,0.626498,-0.268730,0.875104,0.058001,0.496624,0.061158,1.032866,-0.428640,-2.876917,2.557885,-0.298737,-2.005846,-30.987189,47.068660,6.240415,43.892346,-21.855666
323506900380297164!,thoughtful-antique-butterfly,0.770000,1.715766,0.637853,-0.273552,0.844283,0.082416,0.493161,-0.040502,1.191536,-0.504372,-3.278676,2.343379,-0.391621,-1.823654,-31.787125,45.005649,6.868785,41.481339,-25.039544
323506900380297164!,thoughtful-antique-butterfly,0.780000,1.714756,0.650966,-0.278941,0.809627,0.104660,0.488924,-0.134642,1.366052,-0.533281,-3.643149,2.131124,-0.456191,-1.548199,-32.226683,42.737953,7.315712,38.930701,-27.782862
323506900380297164!,thoughtful-antique-butterfly,0.790000,1.712786,0.665996,-0.284428,0.771525,0.124760,0.484185,-0.222151,1.552573,-0.513825,-3.967569,1.924127,-0.495791,-1.171510,-32.339949,40.383496,7.569160,36.360281,-30.070604
323506900380297164!,thoughtful-antique-butterfly,0.800000,1.709936,0.682997,-0.289502,0.730398,0.142802,0.479174,-0.303904,1.747917,-0.446084,-4.249419,1.724680,-0.513983,-0.689158,-32.149378,38.036691,7.618579,33.867113,-31.879862
323506900380297164!,thoughtful-antique-butterfly,0.810000,1.706326,0.701895,-0.293616,0.686686,0.158926,0.474070,-0.380707,1.949701,-0.331766,-4.486332,1.534366,-0.514378,-0.098862,-31.663706,35.766504,7.453450,31.523811,-33.178612
323506900380297164!,thoughtful-antique-butterfly,0.820000,1.701996,0.722748,-0.296326,0.640847,0.173227,0.469034,-0.453938,2.154703,-0.173966,-4.676450,1.354186,-0.500137,0.597640,-30.948951,33.648228,7.090155,29.396876,-34.034078
323506900380297164!,thoughtful-antique-butterfly,0.830000,1.696971,0.745585,-0.297227,0.593353,0.185803,0.464195,-0.524879,2.360354,0.023125,-4.818329,1.184703,-0.474201,1.397032,-30.057247,31.733421,6.544345,27.530274,-34.503343
323506900380297164!,thoughtful-antique-butterfly,0.840000,1.691266,0.770412,-0.295956,0.544688,0.196761,0.459658,-0.594718,2.564581,0.254416,-4.910990,1.026127,-0.439244,2.294392,-29.031427,30.054016,5.832241,25.948843,-34.638907
323506900380297164!,thoughtful-antique-butterfly,0.850000,1.684884,0.797215,-0.292204,0.495346,0.206206,0.455499,-0.664546,2.765702,0.514123,-4.953960,0.878392,-0.397651,3.283097,-27.906939,28.625372,4.970964,24.661163,-34.489969
323506900380297164!,thoughtful-antique-butterfly,0.860000,1.677818,0.825965,-0.285722,0.445822,0.214242,0.451775,-0.735360,2.962343,0.795959,-4.947319,0.741237,-0.351512,4.354660,-26.712769,27.448885,3.978566,23.662170,-34.102095
323506900380297164!,thoughtful-antique-butterfly,0.870000,1.670052,0.856619,-0.276326,0.396607,0.220971,0.448522,-0.808067,3.153366,1.093330,-4.891732,0.614260,-0.302625,5.498573,-25.472099,26.514412,2.873968,22.935623,-33.516532
323506900380297164!,thoughtful-antique-butterfly,0.880000,1.661561,0.889123,-0.263896,0.348186,0.226491,0.445760,-0.883479,3.337800,1.399512,-4.788477,0.496974,-0.252513,6.702232,-24.202976,25.802577,1.676864,22.456452,-32.769705
323506900380297164!,thoughtful-antique-butterfly,0.890000,1.652313,0.923413,-0.248380,0.301024,0.230892,0.443496,-0.962312,3.514785,1.707822,-4.639450,0.388848,-0.202442,7.951017,-22.919049,25.286977,0.407597,22.192974,-31.893057
323506900380297164!,thoughtful-antique-butterfly,0.900000,1.642267,0.959417,-0.229790,0.255568,0.234264,0.441724,-1.045173,3.683519,2.011772,-4.447172,0.289337,-0.153447,9.228508,-21.630351,24.936231,-0.913027,22.108937,-30.913218
323506900380297164!,thoughtful-antique-butterfly,0.910000,1.631379,0.997053,-0.208203,0.212235,0.236687,0.440431,-1.132549,3.843225,2.305214,-4.214760,0.197908,-0.106355,10.516853,-20.344074,24.715856,-2.263972,22.165367,-29.852427
323506900380297164!,thoughtful-antique-butterfly,0.920000,1.619601,1.036230,-0.183753,0.171409,0.238239,0.439593,-1.224794,3.993120,2.582462,-3.945891,0.114051,-0.061810,11.797222,-19.065292,24.589925,-3.624254,22.322208,-28.729100
323506900380297164!,thoughtful-antique-butterfly,0.930000,1.606879,1.076851,-0.156630,0.133434,0.238992,0.439184,-1.322110,4.132409,2.838406,-3.644750,0.037298,-0.020296,13.050328,-17.797606,24.522510,-4.973254,22.539732,-27.558454
323506900380297164!,thoughtful-antique-butterfly,0.940000,1.593162,1.118807,-0.127070,0.098610,0.239013,0.439173,-1.424542,4.260277,3.068600,-3.315956,-0.032781,0.017841,14.256958,-16.543680,24.478895,-6.291047,22.779735,-26.353134
323506900380297164!,thoughtful-antique-butterfly,0.950000,1.578392,1.161984,-0.095356,0.067193,0.238363,0.439526,-1.531913,4.375854,3.269367,-2.964485,-0.096555,0.052364,15.399450,-15.308441,24.428696,-7.558497,23.008188,-25.128297
323506900380297164!,thoughtful-antique-butterfly,0.960000,1.562525,1.206252,-0.061795,0.039383,0.237105,0.440206,-1.643983,4.478390,3.437752,-2.595552,-0.154370,0.083147,16.459036,-14.090002,24.339495,-8.758420,23.190403,-23.886761
323506900380297164!,thoughtful-antique-butterfly,0.970000,1.545513,1.251478,-0.026727,0.015330,0.235293,0.441177,-1.760238,4.567045,3.571677,-2.214544,-0.206500,0.110133,17.420577,-12.893042,24.187431,-9.874624,23.299468,-22.640776
323506900380297164!,thoughtful-antique-butterfly,0.980000,1.527318,1.297515,0.009494,-0.004871,0.232983,0.442401,-1.880054,4.641077,3.669863,-1.826894,-0.253193,0.133339,18.269652,-11.719280,23.950249,-10.892991,23.310887,-21.396513
323506900380297164!,thoughtful-antique-butterfly,0.990000,1.507911,1.344208,0.046501,-0.021179,0.230226,0.443842,-2.002654,4.699806,3.731854,-1.437987,-0.294664,0.152846,18.994036,-10.571104,23.610350,-11.801377,23.205046,-20.160030
323506900380297164!,thoughtful-antique-butterfly,1.000000,1.487272,1.391390,0.083925,-0.033607,0.227073,0.445464,-2.127123,4.742643,3.757988,-1.053055,-0.331105,0.168779,19.583890,-9.451335,23.154802,-12.589840,22.967294,-18.936984
323506900380297164!,thoughtful-antique-butterfly,1.010000,1.465398,1.438884,0.121399,-0.042218,0.223572,0.447231,-2.252429,4.769127,3.749357,-0.677086,-0.362689,0.181309,20.031884,-8.362950,22.575250,-13.250823,22.587897,-17.732298
323506900380297164!,thoughtful-antique-butterfly,1.020000,1.442281,1.486555,0.158623,-0.047140,0.219783,0.449105,-2.377747,4.779082,3.707608,-0.314183,-0.389926,0.190822,20.331723,-7.301361,21.863152,-13.780762,22.058636,-16.537779
323506900380297164!,thoughtful-antique-butterfly,1.030000,1.417940,1.534203,0.195242,-0.048519,0.215741,0.451061,-2.501678,4.772243,3.635169,0.031353,-0.412826,0.197454,20.484676,-6.278884,21.026047,-14.176392,21.384885,-15.372216
323506900380297164!,thoughtful-antique-butterfly,1.040000,1.392412,1.581637,0.230947,-0.046551,0.211489,0.453070,-2.623035,4.748693,3.534904,0.355938,-0.431589,0.201462,20.491815,-5.298070,20.068513,-14.438120,20.571022,-14.238037
323506900380297164!,thoughtful-antique-butterfly,1.050000,1.365759,1.628649,0.265443,-0.041472,0.207066,0.455108,-2.740641,4.708748,3.410105,0.656486,-0.446439,0.203121,20.356645,-4.359901,18.997951,-14.569125,19.624840,-13.134913
323506900380297164!,thoughtful-antique-butterfly,1.060000,1.337974,1.675170,0.298587,-0.033536,0.202522,0.457149,-2.853480,4.652763,3.264157,0.931474,-0.457778,0.202800,20.088500,-3.474742,17.833014,-14.574228,18.564198,-12.077294
323506900380297164!,thoughtful-antique-butterfly,1.070000,1.309096,1.721061,0.330200,-0.023004,0.197891,0.459172,-2.960459,4.581317,3.100687,1.179364,-0.465757,0.200729,19.697143,-2.649831,16.591497,-14.459754,17.406735,-11.074788
323506900380297164!,thoughtful-antique-butterfly,1.080000,1.279185,1.766175,0.360126,-0.010150,0.193204,0.461164,-3.060606,4.495199,2.923387,1.399118,-0.470518,0.197123,19.193052,-1.889058,15.290601,-14.233864,16.170207,-10.131805
323506900380297164!,thoughtful-antique-butterfly,1.090000,1.248311,1.810371,0.388245,0.004744,0.188492,0.463110,-3.153091,4.395357,2.735913,1.590273,-0.472208,0.192195,18.587912,-1.195182,13.948243,-13.906123,14.873405,-9.251228
323506900380297164!,thoughtful-antique-butterfly,1.100000,1.216549,1.853519,0.414472,0.021397,0.183783,0.464999,-3.237230,4.282875,2.541790,1.752904,-0.470987,0.186150,17.894329,-0.569907,12.582536,-13.487192,13.535571,-8.434665
323506900380297164!,thoughtful-antique-butterfly,1.110000,1.183983,1.895502,0.438759,0.039527,0.179105,0.466821,-3.312499,4.158947,2.344344,1.887572,-0.467020,0.179181,17.125496,-0.013863,11.211194,-12.988505,12.175761,-7.682545
323506900380297164!,thoughtful-antique-butterfly,1.120000,1.150701,1.936211,0.461087,0.058864,0.174482,0.468568,-3.378538,4.024847,2.146640,1.995262,-0.460481,0.171471,16.294832,0.473407,9.850974,-12.421946,10.812241,-6.994165
323506900380297164!,thoughtful-antique-butterfly,1.130000,1.116794,1.975553,0.481467,0.079146,0.169939,0.470235,-3.435146,3.881904,1.951429,2.077317,-0.451547,0.163186,15.415646,0.893441,8.517180,-11.799539,9.461952,-6.367756
323506900380297164!,thoughtful-antique-butterfly,1.140000,1.082355,2.013447,0.499935,0.100128,0.165498,0.471816,-3.482273,3.731468,1.761125,2.135363,-0.440398,0.154478,14.500828,1.248806,7.223287,-11.133155,8.140087,-5.800565
323506900380297164!,thoughtful-antique-butterfly,1.150000,1.047477,2.049823,0.516550,0.121581,0.161180,0.473309,-3.520014,3.574883,1.577778,2.171243,-0.427215,0.145483,13.562579,1.543005,5.980677,-10.434251,6.859785,-5.288976
323506900380297164!,thoughtful-antique-butterfly,1.160000,1.012253,2.084628,0.531388,0.143296,0.157003,0.474711,-3.548589,3.413461,1.403078,2.186940,-0.412176,0.136320,12.612202,1.780348,4.798501,-9.713654,5.631952,-4.828665
323506900380297164!,thoughtful-antique-butterfly,1.170000,0.976772,2.117819,0.544541,0.165083,0.152983,0.476021,-3.568322,3.248458,1.238357,2.184517,-0.395455,0.127091,11.659944,1.965787,3.683665,-8.981382,4.465206,-4.414763
323506900380297164!,thoughtful-antique-butterfly,1.180000,0.941120,2.149365,0.556113,0.186772,0.149138,0.477240,-3.579628,3.081057,1.084609,2.166060,-0.377223,0.117883,10.714894,2.104740,2.640905,-8.246520,3.365926,-4.042045
323506900380297164!,thoughtful-antique-butterfly,1.190000,0.905380,2.179247,0.566215,0.208215,0.145480,0.478368,-3.582985,2.912351,0.942517,2.133626,-0.357640,0.108765,9.784933,2.202905,1.672965,-7.517133,2.338387,-3.705100
323506900380297164!,thoughtful-antique-butterfly,1.200000,0.869629,2.207456,0.574964,0.229282,0.142022,0.479406,-3.578920,2.743336,0.812479,2.089201,-0.336861,0.099794,8.876733,2.266083,0.780813,-6.800230,1.384970,-3.398505
323506900380297164!,thoughtful-antique-butterfly,1.210000,0.833940,2.233993,0.582480,0.249864,0.138775,0.480355,-3.567987,2.574899,0.694647,2.034671,-0.315029,0.091012,7.995790,2.300011,-0.036088,-6.101762,0.506410,-3.116967
323506900380297164!,thoughtful-antique-butterfly,1.220000,0.798379,2.258864,0.588883,0.269866,0.135749,0.481219,-3.550752,2.407822,0.588959,1.971797,-0.292280,0.082451,7.146494,2.310222,-0.779499,-5.426654,-0.297937,-2.855454
323506900380297164!,thoughtful-antique-butterfly,1.230000,0.763008,2.282086,0.594292,0.289215,0.132952,0.482000,-3.527779,2.242781,0.495176,1.902198,-0.268738,0.074127,6.332213,2.301929,-1.452129,-4.778861,-1.029809,-2.609281
323506900380297164!,thoughtful-antique-butterfly,1.240000,0.727884,2.303681,0.598823,0.307849,0.130392,0.482699,-3.499616,2.080347,0.412912,1.827343,-0.244517,0.066052,5.555401,2.279936,-2.057368,-4.161449,-1.691781,-2.374180
323506900380297164!,thoughtful-antique-butterfly,1.250000,0.693057,2.323674,0.602589,0.325721,0.128075,0.483318,-3.466789,1.920996,0.341672,1.748548,-0.219725,0.058225,4.817706,2.248583,-2.599054,-3.576677,-2.287014,-2.146339
323506900380297164!,thoughtful-antique-butterfly,1.260000,0.658573,2.342097,0.605695,0.342796,0.126007,0.483862,-3.429796,1.765116,0.280873,1.666974,-0.194456,0.050640,4.120085,2.211713,-3.081260,-3.026102,-2.819045,-1.922412
323506900380297164!,thoughtful-antique-butterfly,1.270000,0.624474,2.358984,0.608242,0.359050,0.124192,0.484331,-3.389098,1.613011,0.229873,1.583638,-0.168799,0.043283,3.462915,2.172659,-3.508133,-2.510670,-3.291603,-1.699523
323506900380297164!,thoughtful-antique-butterfly,1.280000,0.590796,2.374372,0.610325,0.374467,0.122634,0.484728,-3.345122,1.464917,0.187991,1.499417,-0.142837,0.036137,2.846096,2.134261,-3.883751,-2.030816,-3.708456,-1.475235
323506900380297164!,thoughtful-antique-butterfly,1.290000,0.557574,2.388300,0.612032,0.389041,0.121337,0.485054,-3.298262,1.321009,0.154525,1.415060,-0.116646,0.029179,2.269116,2.099114,-4.212215,-1.586600,-4.073455,-1.247205
323506900380297164!,thoughtful-antique-butterfly,1.300000,0.524835,2.400808,0.613443,0.402771,0.120303,0.485311,-3.248871,1.181406,0.128766,1.331196,-0.090298,0.022384,1.731208,2.069187,-4.497225,-1.177717,-4.390158,-1.013733
323506900380297164!,thoughtful-antique-butterfly,1.310000,0.492606,2.411938,0.614634,0.415664,0.119535,0.485501,-3.197262,1.046183,0.110014,1.248349,-0.063857,0.015722,1.231427,2.045829,-4.742007,-0.803562,-4.661751,-0.773777
323506900380297164!,thoughtful-antique-butterfly,1.320000,0.460902,2.421739,0.615669,0.427736,0.119031,0.485625,-3.143680,0.915355,0.097589,1.166929,-0.037363,0.009158,0.768732,2.029362,-4.949024,-0.463153,-4.890831,-0.527567
323506900380297164!,thoughtful-antique-butterfly,1.330000,0.429739,2.430257,0.616607,0.439006,0.118791,0.485684,-3.088376,0.788923,0.090832,1.087274,-0.010868,0.002658,0.341834,2.020839,-5.121223,-0.155586,-5.080348,-0.274093
323506900380297164!,thoughtful-antique-butterfly,1.340000,0.399138,2.437534,0.617504,0.449490,0.118815,0.485678,-3.031594,0.666880,0.089104,1.009657,0.015562,-0.003807,-0.050675,2.021758,-5.261768,0.119961,-5.233392,-0.011556
323506900380297164!,thoughtful-antique-butterfly,1.350000,0.369110,2.443612,0.618406,0.459210,0.119103,0.485607,-2.973515,0.549192,0.091815,0.934282,0.041878,-0.010271,-0.409975,2.031940,-5.372316,0.364629,-5.351797,0.259589
323506900380297164!,thoughtful-antique-butterfly,1.360000,0.339670,2.448533,0.619355,0.468186,0.119654,0.485472,-2.914314,0.435820,0.098399,0.861305,0.068024,-0.016766,-0.737346,2.051691,-5.454812,0.579461,-5.437604,0.539677
323506900380297164!,thoughtful-antique-butterfly,1.370000,0.310830,2.452340,0.620388,0.476442,0.120466,0.485271,-2.854159,0.326717,0.108321,0.790838,0.093941,-0.023320,-1.034055,2.081408,-5.511152,0.765443,-5.492775,0.829239
323506900380297164!,thoughtful-antique-butterfly,1.380000,0.282601,2.455073,0.621536,0.484002,0.121537,0.485004,-2.793185,0.221832,0.121083,0.722954,0.119574,-0.029964,-1.301234,2.120814,-5.542559,0.923646,-5.518700,1.127908
323506900380297164!,thoughtful-antique-butterfly,1.390000,0.254990,2.456774,0.622826,0.490891,0.122865,0.484669,-2.731516,0.121114,0.136225,0.657697,0.144866,-0.036724,-1.539965,2.169576,-5.550109,1.055110,-5.516621,1.435269
323506900380297164!,thoughtful-antique-butterfly,1.400000,0.228006,2.457482,0.624281,0.497134,0.124447,0.484265,-2.669267,0.024512,0.153318,0.595084,0.169762,-0.043626,-1.751272,2.227286,-5.534734,1.160843,-5.487641,1.750825
323506900380297164!,thoughtful-antique-butterfly,1.410000,0.201655,2.457239,0.625919,0.502757,0.126279,0.483791,-2.606544,-0.068023,0.171969,0.535115,0.194206,-0.050691,-1.936119,2.293463,-5.497236,1.241823,-5.432740,2.073978
323506900380297164!,thoughtful-antique-butterfly,1.420000,0.175943,2.456084,0.627753,0.507786,0.128356,0.483244,-2.543446,-0.156534,0.191814,0.477772,0.218141,-0.057941,-2.095411,2.367560,-5.438315,1.298999,-5.352800,2.404026
323506900380297164!,thoughtful-antique-butterfly,1.430000,0.150875,2.454057,0.629796,0.512245,0.130674,0.482622,-2.480068,-0.241060,0.212521,0.423029,0.241508,-0.065391,-2.230000,2.448969,-5.358583,1.333301,-5.248626,2.740165
323506900380297164!,thoughtful-antique-butterfly,1.440000,0.126455,2.451197,0.632055,0.516160,0.133228,0.481924,-2.416505,-0.321638,0.233786,0.370847,0.264252,-0.073053,-2.340692,2.537025,-5.258599,1.345641,-5.120971,3.081487
323506900380297164!,thoughtful-antique-butterfly,1.450000,0.102673,2.447553,0.634528,0.519567,0.136006,0.481147,-2.352820,-0.398319,0.255334,0.321167,0.286323,-0.080935,-2.428322,2.631140,-5.139120,1.336956,-4.970792,3.427104
323506900380297164!,thoughtful-antique-butterfly,1.460000,0.079523,2.443167,0.637215,0.522495,0.138999,0.480291,-2.289089,-0.471139,0.276916,0.273933,0.307663,-0.089040,-2.493688,2.730736,-5.000871,1.308146,-4.799006,3.776140
323506900380297164!,thoughtful-antique-butterfly,1.470000,0.057006,2.438077,0.640114,0.524969,0.142199,0.479353,-2.225401,-0.540119,0.298307,0.229097,0.328215,-0.097365,-2.537532,2.835088,-4.844415,1.260111,-4.606387,4.127506
323506900380297164!,thoughtful-antique-butterfly,1.480000,0.035121,2.432322,0.643224,0.527011,0.145599,0.478331,-2.161844,-0.605278,0.319306,0.186610,0.347921,-0.105903,-2.560593,2.943427,-4.670327,1.193772,-4.393732,4.480023
323506900380297164!,thoughtful-antique-butterfly,1.490000,0.013867,2.425939,0.646538,0.528644,0.149189,0.477224,-2.098508,-0.666631,0.339735,0.146424,0.366726,-0.114645,-2.563621,3.054960,-4.479215,1.110075,-4.161883,4.832450
323506900380297164!,thoughtful-antique-butterfly,1.500000,-0.006759,2.418965,0.650051,0.529890,0.152961,0.476028,-2.035483,-0.724197,0.359433,0.108489,0.384579,-0.123575,-2.547387,3.168882,-4.271742,1.009993,-3.911739,5.183501
323506900380297164!,thoughtful-antique-butterfly,1.510000,-0.026760,2.411437,0.653755,0.530773,0.156904,0.474743,-1.972861,-0.777993,0.378264,0.072757,0.401430,-0.132674,-2.512689,3.284383,-4.048632,0.894529,-3.644269,5.531868
323506900380297164!,thoughtful-antique-butterfly,1.520000,-0.046140,2.403394,0.657640,0.531311,0.161009,0.473367,-1.910734,-0.828040,0.396108,0.039181,0.417237,-0.141918,-2.460362,3.400660,-3.810681,0.764723,-3.360518,5.876229
323506900380297164!,thoughtful-antique-butterfly,1.530000,-0.064904,2.394871,0.661697,0.531528,0.165266,0.471897,-1.849195,-0.874362,0.412863,0.007717,0.431961,-0.151279,-2.391282,3.516920,-3.558755,0.621646,-3.061605,6.215274
323506900380297164!,thoughtful-antique-butterfly,1.540000,-0.083059,2.385907,0.665915,0.531442,0.169663,0.470334,-1.788339,-0.916988,0.428445,-0.021683,0.445567,-0.160728,-2.306367,3.632393,-3.293800,0.466405,-2.748729,6.547711
323506900380297164!,thoughtful-antique-butterfly,1.550000,-0.100611,2.376536,0.670280,0.531075,0.174189,0.468677,-1.728258,-0.955954,0.442786,-0.049060,0.458027,-0.170231,-2.206582,3.746334,-3.016833,0.300135,-2.423162,6.872290
323506900380297164!,thoughtful-antique-butterfly,1.560000,-0.117568,2.366796,0.674782,0.530445,0.178833,0.466925,-1.669043,-0.991303,0.455834,-0.074459,0.469320,-0.179751,-2.092934,3.858030,-2.728941,0.123999,-2.086242,7.187810
323506900380297164!,thoughtful-antique-butterfly,1.570000,-0.133938,2.356721,0.679407,0.529573,0.183584,0.465077,-1.610787,-1.023084,0.467551,-0.097923,0.479431,-0.189250,-1.966472,3.966809,-2.431273,-0.060821,-1.739368,7.493140
323506900380297164!,thoughtful-antique-butterfly,1.580000,-0.149732,2.346348,0.684141,0.528477,0.188429,0.463136,-1.553575,-1.051355,0.477912,-0.119495,0.488351,-0.198688,-1.828283,4.072044,-2.125031,-0.253128,-1.383987,7.787225
323506900380297164!,thoughtful-antique-butterfly,1.590000,-0.164960,2.335712,0.688971,0.527176,0.193356,0.461100,-1.497494,-1.076185,0.486906,-0.139217,0.496079,-0.208024,-1.679483,4.173155,-1.811461,-0.451720,-1.021577,8.069096
323506900380297164!,thoughtful-antique-butterfly,1.600000,-0.179631,2.324845,0.693884,0.525686,0.198355,0.458972,-1.442625,-1.097651,0.494533,-0.157135,0.502622,-0.217219,-1.521210,4.269604,-1.491831,-0.655396,-0.653637,8.337872
323506900380297164!,thoughtful-antique-butterfly,1.610000,-0.193756,2.313782,0.698867,0.524027,0.203413,0.456753,-1.389043,-1.115838,0.500805,-0.173294,0.507993,-0.226233,-1.354617,4.360894,-1.167413,-0.862962,-0.281659,8.592751
323506900380297164!,thoughtful-antique-butterfly,1.620000,-0.207346,2.302557,0.703906,0.522215,0.208520,0.454444,-1.336825,-1.130845,0.505747,-0.187742,0.512216,-0.235028,-1.180855,4.446524,-0.839443,-1.073231,0.092906,8.832958
323506900380297164!,thoughtful-antique-butterfly,1.630000,-0.220407,2.291203,0.708989,0.520265,0.213664,0.452048,-1.286042,-1.142783,0.509397,-0.200529,0.515325,-0.243573,-1.001060,4.525879,-0.509017,-1.285000,0.468728,9.057582
323506900380297164!,thoughtful-antique-butterfly,1.640000,-0.232931,2.279761,0.714106,0.518193,0.218838,0.449566,-1.236781,-1.151785,0.511820,-0.211719,0.517380,-0.251848,-0.816306,4.597740,-0.176736,-1.496931,0.844880,9.264890
323506900380297164!,thoughtful-antique-butterfly,1.650000,-0.244935,2.268261,0.719243,0.516017,0.224029,0.447002,-1.189102,-1.157990,0.513063,-0.221368,0.518422,-0.259823,-0.627831,4.662707,0.155526,-1.708152,1.219465,9.455783
323506900380297164!,thoughtful-antique-butterfly,1.660000,-0.256464,2.256723,0.724384,0.513756,0.229223,0.444361,-1.143021,-1.161512,0.513139,-0.229514,0.518455,-0.267445,-0.436903,4.722733,0.485053,-1.918215,1.589985,9.633117
323506900380297164!,thoughtful-antique-butterfly,1.670000,-0.267477,2.245203,0.729523,0.511423,0.234416,0.441644,-1.098616,-1.162539,0.512188,-0.236255,0.517612,-0.274738,-0.244269,4.773681,0.813554,-2.125125,1.957351,9.791062
323506900380297164!,thoughtful-antique-butterfly,1.680000,-0.278116,2.233662,0.734638,0.509037,0.239587,0.438860,-1.055806,-1.161093,0.510078,-0.241557,0.515749,-0.281564,-0.051510,4.824795,1.133554,-2.330591,2.315561,9.942970
323506900380297164!,thoughtful-antique-butterfly,1.690000,-0.288375,2.222129,0.739723,0.506607,0.244732,0.436012,-1.014565,-1.157281,0.506895,-0.245482,0.512947,-0.287915,0.140938,4.871670,1.447273,-2.532789,2.666020,10.082600
323506900380297164!,thoughtful-antique-butterfly,1.700000,-0.298261,2.210629,0.744770,0.504146,0.249842,0.433104,-0.974896,-1.151235,0.502718,-0.248093,0.509276,-0.293783,0.332376,4.912806,1.754910,-2.730645,3.008604,10.207927
323506900380297164!,thoughtful-antique-butterfly,1.710000,-0.307774,2.199192,0.749769,0.501664,0.254911,0.430140,-0.936819,-1.143109,0.497631,-0.249461,0.504816,-0.299166,0.522051,4.947351,2.056247,-2.923259,3.342880,10.317886
323506900380297164!,thoughtful-antique-butterfly,1.720000,-0.316923,2.187843,0.754713,0.499175,0.259931,0.427125,-0.900346,-1.133062,0.491716,-0.249654,0.499639,-0.304060,0.709205,4.975324,2.350569,-3.110021,3.668076,10.412694
323506900380297164!,thoughtful-antique-butterfly,1.730000,-0.325718,2.176601,0.759593,0.496690,0.264895,0.424064,-0.865481,-1.121249,0.485044,-0.248738,0.493813,-0.308465,0.893138,4.997187,2.636990,-3.290529,3.983339,10.493220
323506900380297164!,thoughtful-antique-butterfly,1.740000,-0.334175,2.165486,0.764402,0.494221,0.269798,0.420962,-0.832216,-1.107822,0.477685,-0.246781,0.487401,-0.312380,1.073239,5.013449,2.914728,-3.464472,4.287934,10.560406
323506900380297164!,thoughtful-antique-butterfly,1.750000,-0.342308,2.154515,0.769134,0.491777,0.274634,0.417823,-0.800534,-1.092928,0.469704,-0.243849,0.480466,-0.315808,1.248986,5.024580,3.183143,-3.631609,4.581274,10.615157
323506900380297164!,thoughtful-antique-butterfly,1.760000,-0.350131,2.143702,0.773783,0.489368,0.279397,0.414654,-0.770409,-1.076710,0.461167,-0.240007,0.473068,-0.318757,1.419941,5.031017,3.441728,-3.791759,4.862908,10.658327
323506900380297164!,thoughtful-antique-butterfly,1.770000,-0.357660,2.133059,0.778343,0.487004,0.284083,0.411457,-0.741808,-1.059306,0.452135,-0.235322,0.465267,-0.321235,1.585741,5.033170,3.690096,-3.944804,5.132510,10.690737
323506900380297164!,thoughtful-antique-butterfly,1.780000,-0.364909,2.122601,0.782809,0.484692,0.288688,0.408239,-0.714696,-1.040850,0.442668,-0.229860,0.457119,-0.323254,1.746100,5.031430,3.927965,-4.090680,5.389862,10.713181
323506900380297164!,thoughtful-antique-butterfly,1.790000,-0.371893,2.112335,0.787177,0.482441,0.293210,0.405004,-0.689031,-1.021471,0.432823,-0.223685,0.448679,-0.324830,1.900794,5.026174,4.155144,-4.229379,5.634840,10.726435
323506900380297164!,thoughtful-antique-butterfly,1.800000,-0.378626,2.102273,0.791444,0.480257,0.297645,0.401756,-0.664767,-1.001291,0.422654,-0.216862,0.440000,-0.325979,2.049664,5.017766,4.371524,-4.360941,5.867410,10.731250
323506900380297164!,thoughtful-antique-butterfly,1.810000,-0.385120,2.092422,0.795606,0.478147,0.301991,0.398499,-0.641856,-0.980428,0.412211,-0.209454,0.431133,-0.326721,2.192607,5.006558,4.577070,-4.485451,6.087612,10.728358
323506900380297164!,thoughtful-antique-butterfly,1.820000,-0.391390,2.082790,0.799661,0.476117,0.306246,0.395239,-0.620248,-0.958993,0.401543,-0.201524,0.422123,-0.327076,2.329570,4.992889,4.771811,-4.603032,6.295556,10.718465
323506900380297164!,thoughtful-antique-butterfly,1.830000,-0.397448,2.073381,0.803606,0.474172,0.310408,0.391978,-0.599891,-0.937090,0.390694,-0.193131,0.413015,-0.327068,2.460548,4.977080,4.955839,-4.713841,6.491411,10.702248
323506900380297164!,thoughtful-antique-butterfly,1.840000,-0.403305,2.064201,0.807440,0.472317,0.314478,0.388720,-0.580732,-0.914818,0.379705,-0.184335,0.403851,-0.326719,2.585575,4.959439,5.129291,-4.818063,6.675398,10.680352
323506900380297164!,thoughtful-antique-butterfly,1.850000,-0.408978,2.055247,0.811163,0.470553,0.318456,0.385468,-0.562713,-0.892252,0.368603,-0.175182,0.394655,-0.326046,2.704777,4.940620,5.292190,-4.916072,6.847687,10.653908
323506900380297164!,thoughtful-antique-butterfly,1.860000,-0.414478,2.046519,0.814774,0.468883,0.322341,0.382225,-0.545778,-0.869472,0.357420,-0.165725,0.385461,-0.325070,2.818273,4.920764,5.444849,-5.008068,7.008650,10.623297
323506900380297164!,thoughtful-antique-butterfly,1.870000,-0.419816,2.038021,0.818273,0.467309,0.326134,0.378994,-0.529869,-0.846554,0.346189,-0.156016,0.376301,-0.323817,2.926194,4.899979,5.587607,-5.094245,7.158679,10.588854
323506900380297164!,thoughtful-antique-butterfly,1.880000,-0.425000,2.029754,0.821659,0.465835,0.329836,0.375777,-0.514934,-0.823572,0.334939,-0.146105,0.367204,-0.322311,3.028688,4.878426,5.720785,-5.174829,7.298157,10.550974
323506900380297164!,thoughtful-antique-butterfly,1.890000,-0.430040,2.021718,0.824931,0.464461,0.333446,0.372577,-0.500921,-0.800591,0.323699,-0.136042,0.358199,-0.320578,3.125921,4.856277,5.844704,-5.250062,7.427471,10.510067
323506900380297164!,thoughtful-antique-butterfly,1.900000,-0.434945,2.013914,0.828090,0.463191,0.336967,0.369396,-0.487776,-0.777676,0.312493,-0.125871,0.349309,-0.318643,3.218069,4.833706,5.959693,-5.320196,7.547016,10.466533
323506900380297164!,thoughtful-antique-butterfly,1.910000,-0.439722,2.006343,0.831137,0.462025,0.340398,0.366236,-0.475452,-0.754882,0.301343,-0.115637,0.340556,-0.316530,3.305322,4.810874,6.066086,-5.385487,7.657192,10.420746
323506900380297164!,thoughtful-antique-butterfly,1.920000,-0.444379,1.999003,0.834071,0.460963,0.343742,0.363100,-0.463898,-0.732261,0.290270,-0.105381,0.331961,-0.314263,3.387874,4.787929,6.164228,-5.446188,7.758404,10.373056
323506900380297164!,thoughtful-antique-butterfly,1.930000,-0.448923,1.991894,0.836894,0.460008,0.347000,0.359988,-0.453068,-0.709863,0.279292,-0.095143,0.323539,-0.311867,3.465929,4.765004,6.254467,-5.502553,7.851059,10.323778
323506900380297164!,thoughtful-antique-butterfly,1.940000,-0.453361,1.985014,0.839605,0.459157,0.350173,0.356901,-0.442917,-0.687729,0.268424,-0.084960,0.315308,-0.309364,3.539690,4.742215,6.337154,-5.554830,7.935566,10.273201
323506900380297164!,thoughtful-antique-butterfly,1.950000,-0.457698,1.978362,0.842207,0.458412,0.353264,0.353843,-0.433400,-0.665898,0.257681,-0.074866,0.307279,-0.306776,3.609364,4.719663,6.412642,-5.603261,8.012327,10.221581
323506900380297164!,thoughtful-antique-butterfly,1.960000,-0.461941,1.971936,0.844699,0.457772,0.356274,0.350812,-0.424474,-0.644405,0.247075,-0.064895,0.299464,-0.304127,3.675155,4.697434,6.481280,-5.648081,8.081741,10.169148
323506900380297164!,thoughtful-antique-butterfly,1.970000,-0.466095,1.965731,0.847084,0.457235,0.359205,0.347810,-0.416101,-0.623276,0.236614,-0.055073,0.291869,-0.301432,3.737292,4.675722,6.543370,-5.689577,8.144181,10.116271
323506900380297164!,thoughtful-antique-butterfly,1.980000,-0.470171,1.959732,0.849366,0.456794,0.362062,0.344835,-0.408237,-0.602511,0.226291,-0.045413,0.284484,-0.298697,3.796087,4.655029,6.599100,-5.728207,8.199961,10.063745
323506900380297164!,thoughtful-antique-butterfly,1.990000,-0.474171,1.953936,0.851546,0.456447,0.364848,0.341886,-0.400841,-0.582128,0.216114,-0.035941,0.277313,-0.295938,3.851741,4.635160,6.648946,-5.764102,8.249554,10.011366
323506900380297164!,thoughtful-antique-butterfly,2.000000,-0.478102,1.948339,0.853626,0.456193,0.367563,0.338965,-0.393877,-0.562143,0.206089,-0.026678,0.270361,-0.293171,,,,,,
